id,type,name,aliases,region,state,city,lat,lon,facets,what,root,kin,sources,tier,confidence,needs_verification,updated,url
alabama-white,style,Alabama white sauce wings,white barbecue sauce wings|white sauce wings|Decatur-style,the-south|us,AL,,,,"{""state"": ""AL"", ""cut"": ""whole wing"", ""base"": ""dairy"", ""cooked"": ""smoked"", ""heat"": ""mild""}","Wings smoked over hickory and then coated or dunked in white sauce — a mayonnaise-based barbecue sauce with vinegar, lemon juice, black pepper, salt, and in many versions cayenne and horseradish. It is thin, sharp and pale, and it goes on at the end of the cook rather than during it, because mayonnaise breaks over heat. The result is tangy rather than sweet, with none of the tomato or molasses a reader expects from the word barbecue.",,alabama-white-sauce|big-bob-gibson-bar-b-q|bob-gibson|smoked-bbq-wing|ranch-dressing|smoke-then-fry|sauce-on-the-side|memphis-dry-rub|buffalo,s:wp-barbecue-in-alabama|s:wp-barbecue-in-the-united-states|s:wp-ranch-dressing|s:this-project,cited,medium,True,2026-09-16,https://nanobotco.github.io/buffalo-wings/style/alabama-white/
atlanta-lemon-pepper,style,Lemon pepper wings,lemon pepper dry|lemon pepper wet|LP wings,atlanta|the-south|us,GA,,,,"{""state"": ""GA"", ""cut"": ""party wing"", ""base"": ""citrus-pepper"", ""cooked"": ""fried"", ""heat"": ""mild""}","A wing cooked without breading and finished in lemon pepper — granulated lemon zest mashed with cracked black pepper, then baked and dried, usually with salt and sugar in the blend. Atlanta orders it two ways. Dry means the seasoning goes on alone. Wet means a sauce underneath it, butter or a lemon sauce or Buffalo, with the dry seasoning shaken over the top. The wing plate comes with fried rice at a great many Atlanta counters, and Wikipedia calls the dish emblematic of the city's cuisine.",,lemon-pepper-seasoning|lemon-pepper-wet|american-deli|jr-cricketts|wing-cafe|fried-rice-plate|all-flats|wet-and-dry|wingstop|buffalo|memphis-dry-rub,s:wp-lemon-pepper-wings|s:wp-lemon-pepper|s:wp-buffalo-wing|s:wp-wingstop|s:web-ncc-wings-hot-topic|s:this-project,cited,high,False,2026-09-16,https://nanobotco.github.io/buffalo-wings/style/atlanta-lemon-pepper/
baltimore-old-bay,style,Old Bay wings,Chesapeake wings|crab-spiced wings|crab seasoning wings,baltimore|us,MD,,,,"{""state"": ""MD"", ""cut"": ""party wing"", ""base"": ""dry-rub"", ""cooked"": ""fried"", ""heat"": ""mild""}","A wing finished in Old Bay — a blend of eighteen herbs and spices built in Baltimore in 1939, celery salt first, with red and black pepper and paprika, and bay leaves, mustard, cardamom, cloves and ginger among the rest. It goes on dry out of the fryer, or in butter as a wet toss, and it is the same can that goes on steamed blue crab, on fries, on popcorn and around the rim of a beer glass. Salt and celery seed do the work, not heat; a customer who wants heat adds hot sauce on top.",,old-bay|memphis-dry-rub|atlanta-lemon-pepper|wet-and-dry|naked-fry|french-fries|chickie-and-petes|buffalo|hot-sauce-labels,s:wp-old-bay-seasoning|s:wp-buffalo-wing|s:this-project,cited,medium,True,2026-09-16,https://nanobotco.github.io/buffalo-wings/style/baltimore-old-bay/
buffalo,style,Buffalo wings,Buffalo-style wings|hot wings|wings,western-ny|us,NY,,,,"{""state"": ""NY"", ""cut"": ""party wing"", ""base"": ""cayenne-butter"", ""cooked"": ""fried"", ""heat"": ""medium""}","A chicken wing cut into a drumette and a flat, deep-fried bare — no batter, no flour — then shaken in a bowl with melted butter and a vinegar-based cayenne pepper sauce, and served hot with celery, carrot sticks and a dip of blue cheese or ranch. Heat runs mild, medium and hot, and the order names the heat before it names the count. The wing is named for Buffalo, New York, and has nothing to do with the animal.",,anchor-bar|john-young|teressa-bellissimo|buffalo-sauce|celery-and-carrots|blue-cheese-dressing|naked-fry|rochester-breaded|the-origin-fight|buffalo-word,s:wp-buffalo-wing|s:wp-anchor-bar|s:trillin-1980|s:wp-buffalo-new-york,cited,high,False,2026-09-16,https://nanobotco.github.io/buffalo-wings/style/buffalo/
caribbean-jerk,style,Jerk wings,Jamaican jerk wings|jerk chicken wings,caribbean-american|nyc|florida|new-england|us,,,,,"{""cut"": ""whole wing"", ""base"": ""other"", ""cooked"": ""grilled"", ""heat"": ""hot""}","Wings dry-rubbed or wet-marinated in Jamaican jerk seasoning and cooked over fire until the outside blackens. Allspice and Scotch bonnet peppers carry it; cloves, cinnamon, scallions, nutmeg, thyme, garlic, brown sugar, ginger, soy sauce, vinegar and salt fill it out. The seasoning goes on before the heat, which is the whole difference from a wing that gets sauced after the fryer. Smoke comes from the fuel — pimento wood traditionally, charcoal in a split oil drum in most places that sell it — and the finish is char, not gloss. A scotch-bonnet sauce goes on afterward at the counter's discretion.",,jerk-marinade|peppas-jerk-chicken|grill|the-toss|smoked-bbq-wing|mango-habanero|buffalo|brine|blondies-sports-bar,s:wp-jerk-cooking|s:web-black-owned-brooklyn-peppas|s:web-jeremiahs-menu|s:this-project,cited,medium,True,2026-09-16,https://nanobotco.github.io/buffalo-wings/style/caribbean-jerk/
chicago-mild-sauce,style,Chicago mild sauce wings,mild sauce wings|South Side wings|fried hard with mild,chicago|us,IL,,,,"{""state"": ""IL"", ""base"": ""sweet-tomato"", ""cooked"": ""fried"", ""heat"": ""mild""}","Wings fried hard — left in the oil past golden until the skin goes dark and brittle — then handed over a counter in a box with french fries and a slice of white bread, the whole box doused in mild sauce. Mild sauce is a tomato condiment of Chicago's Black South and West Sides: ketchup and tomato paste with sugar, vinegar and spices, pungent and sweet with a vinegar sting. It is a pour, not a toss. The sauce goes over everything in the box, and the bread and the fries take as much of it as the wings do.",,mild-sauce|mild-sauce-word|harolds-chicken-shack|uncle-remus-saucy-fried-chicken|harold-pierce|argia-b-collins|french-fries|extra-crispy|dc-mumbo|chicken-shack-signs|buffalo,s:wp-mild-sauce|s:wp-harold-s-chicken-shack|s:web-atk-chicago-mild-sauce|s:web-boundary-stones-mumbo|s:wp-mumbo-sauce|s:this-project,cited,medium,True,2026-09-16,https://nanobotco.github.io/buffalo-wings/style/chicago-mild-sauce/
dc-mumbo,style,Mumbo sauce wings,mambo sauce wings|wings and mumbo|carryout wings,dc|us,DC,,,,"{""state"": ""DC"", ""cut"": ""whole wing"", ""base"": ""sweet-tomato"", ""cooked"": ""fried"", ""heat"": ""mild""}","Fried chicken wings, usually whole and uncut, sold through the window of a Washington carryout and drowned in mumbo sauce — red, sweeter than barbecue sauce and by turns sharper or more sour, depending whose kitchen made it. The same sauce goes on french fries, fried jumbo shrimp and fried rice, and the wings-over-fried-rice box is the form the dish most often takes across the D.C., Maryland and Virginia carryouts. The sauce arrives poured, not tossed, and the container it comes in is styrofoam.",,mumbo-sauce|mumbo|yums-carry-out|horaces-and-dickies|capital-city-mambo-sauce|argia-b-collins|john-young|mumbo-fries|fried-rice-plate|chicago-mild-sauce|buffalo,s:wp-mumbo-sauce|s:web-boundary-stones-mumbo|s:wp-american-chinese-cuisine|s:wp-buffalo-wing|s:this-project,cited,medium,True,2026-09-16,https://nanobotco.github.io/buffalo-wings/style/dc-mumbo/
garlic-parm,style,Garlic parmesan wings,garlic parm|parm wings|garlic parmesan,western-ny|upstate-ny|new-england|philadelphia|us,,,,,"{""cut"": ""party wing"", ""base"": ""herb-garlic"", ""cooked"": ""fried"", ""heat"": ""none""}","A fried wing tossed in melted butter or oil with garlic and grated parmesan, often with dried herbs and black pepper, sometimes finished with more cheese out of the bowl so it sits in visible flecks. It carries no chile heat, which is the point: it is the order placed by the person at the table who does not want heat, and it sells beside Buffalo rather than against it. Some kitchens pour it as a sauce, some dust dry cheese onto a buttered wing, and the two versions eat differently — one slick, one powdery.",,garlic-parmesan-sauce|la-nova-pizzeria|buffalo-chicken-pizza|pizza-logs|jeremiahs-tavern|wingstop|the-toss|naked-fry|ranch-dressing|buffalo,s:web-aytm-wing-survey|s:web-ncc-wings-hot-topic|s:web-jeremiahs-menu|s:wp-anchor-bar|s:wp-buffalo-wing|s:this-project,inference,low,True,2026-09-16,https://nanobotco.github.io/buffalo-wings/style/garlic-parm/
korean-american,style,Korean fried chicken wings,KFC (Korean fried chicken)|yangnyeom wings|soy garlic wings|chikin,korean-american|nyc|socal|us,,,,,"{""cut"": ""whole wing"", ""base"": ""soy-sweet"", ""cooked"": ""double-fried"", ""heat"": ""medium""}","Chicken fried twice so the crust comes out thin and brittle — Julia Moskin of The New York Times called it ""thin, crackly and almost transparent"" — then hand-painted with sauce by brush rather than shaken in a bowl, so the coating stays a thin film and the crust keeps its snap. Two sauces carry the style: yangnyeom, sweet and spicy on a gochujang base, and ganjang, soy and sugar and a great deal of garlic. Wings and drums arrive whole or jointed depending on the house. Pickled radish comes in a tub alongside, and beer with it; the pairing has its own word, chimaek, from chicken and maekju.",,double-fry|yangnyeom-sauce|soy-garlic-sauce|pickled-radish|bonchon|the-pitcher|the-toss|boneless-wings|buffalo|sweet-chili-sauce,s:wp-korean-fried-chicken|s:wp-bonchon-chicken|s:wp-gochujang|s:web-ncc-superbowl-lx|s:this-project,cited,high,False,2026-09-16,https://nanobotco.github.io/buffalo-wings/style/korean-american/
memphis-dry-rub,style,Memphis dry-rub wings,dry wings|dry rub wings|dry heat,memphis|the-south|us,TN,,,,"{""state"": ""TN"", ""cut"": ""party wing"", ""base"": ""dry-rub"", ""cooked"": ""mixed"", ""heat"": ""medium""}","A wing finished with the rub that Memphis puts on ribs — salt and a spice blend, house by house, usually paprika-led — and handed over without sauce. The city's rib counters run the dry-and-wet split: dry means rubbed before cooking and eaten as is, wet means brushed with sauce before, during and after. The wing borrows the split whole. It comes off a smoker at some houses, out of a fryer at others, and off both at a few, and the rub goes on at the end either way so the seasoning stays granular instead of dissolving.",,memphis-rub|central-bbq|chings-hot-wings|smoked-bbq-wing|wet-and-dry|naked|the-toss|sauce-on-the-side|atlanta-lemon-pepper|alabama-white,s:wp-memphis-style-barbecue|s:web-memphis-flyer-wings|s:wp-barbecue-in-the-united-states|s:this-project,cited,medium,True,2026-09-16,https://nanobotco.github.io/buffalo-wings/style/memphis-dry-rub/
nashville-hot,style,Nashville hot wings,"hot chicken wings|hot wings, Nashville style",nashville|the-south|us,TN,,,,"{""state"": ""TN"", ""cut"": ""party wing"", ""base"": ""other"", ""cooked"": ""fried"", ""heat"": ""very hot""}","Hot chicken's method put on a wing: marinate in a water- or buttermilk-based seasoned blend, flour, fry, then paint with a cayenne paste loosened with fat drawn from the fryer. The paste stains the crust deep red and goes on with a spoon and gloved hands, then gets squeezed in. It lands on white bread with pickle chips — the bread catching the grease, the pickles cutting it — and the bread is part of the dish, not a napkin. Heat runs in named steps and the top step is genuinely punishing.",,nashville-hot-oil|princes-hot-chicken-shack|thornton-prince|andre-prince-jeffries|hattie-bs|boltons-spicy-chicken-and-fish|white-bread-and-pickles|brine|dredge|buffalo|atomic,s:wp-hot-chicken|s:wp-prince-s-hot-chicken-shack|s:wp-hattie-b-s-hot-chicken|s:wp-buffalo-wing|s:this-project,cited,high,False,2026-09-16,https://nanobotco.github.io/buffalo-wings/style/nashville-hot/
rochester-breaded,style,Rochester breaded wings,Rochester-style wings|breaded wings|Country Sweet wings,rochester|upstate-ny|us,NY,,,,"{""state"": ""NY"", ""cut"": ""party wing"", ""base"": ""sweet-tomato"", ""cooked"": ""fried"", ""heat"": ""medium""}","A chicken wing dredged in seasoned flour before it goes in the oil, fried until the coating sets hard, then glazed rather than tossed loose — most often in Country Sweet, a sweet-and-tangy sauce a Rochester kitchen built in 1977 that is neither barbecue nor cayenne-and-butter. Breading is the whole argument: seventy miles west, Buffalo puts the wing in the fryer bare. Rochester bars also pour plain cayenne sauce, barbecue, teriyaki and garlic parmesan, so a breaded wing is a coating rather than a single flavour.",,buffalo|country-sweet-chicken-and-ribs|jeremiahs-tavern|breaded-fry|dredge|garbage-plate|blue-cheese-dressing|extra-crispy|the-origin-fight,s:web-countrysweet|s:web-roccitymag-jeremiahs|s:web-jeremiahs-menu|s:wp-buffalo-wing|s:wp-garbage-plate|s:wp-rochester-new-york|s:this-project,cited,medium,True,2026-09-16,https://nanobotco.github.io/buffalo-wings/style/rochester-breaded/
smoked-bbq-wing,style,Smoked barbecue wings,barbecue wings|smoked wings|pit wings,texas|kansas-city|memphis|the-south|us,,,,,"{""cut"": ""party wing"", ""base"": ""sweet-tomato"", ""cooked"": ""smoked"", ""heat"": ""mild""}","A wing cooked on a barbecue pit rather than in oil: rubbed, smoked over wood until the fat renders, then finished — brushed with a tomato sauce and set over higher heat to tack up, or dropped briefly in the fryer so the skin crisps. Regional sauce follows regional pit. Kansas City runs thick tomato sauces; Memphis runs the dry-and-wet split; Texas leans on the rub and the wood. The wing is a side item on those menus, cooked with the ribs and the shoulder and sold beside them.",,smoke-then-fry|honey-bbq-sauce|memphis-dry-rub|alabama-white|central-bbq|big-bob-gibson-bar-b-q|memphis-rub|the-toss|grill|par-cook|buffalo,s:wp-barbecue-in-the-united-states|s:wp-memphis-style-barbecue|s:wp-barbecue-in-alabama|s:this-project,cited,medium,True,2026-09-16,https://nanobotco.github.io/buffalo-wings/style/smoked-bbq-wing/
alabama-white-sauce,sauce,Alabama white sauce,white barbecue sauce|white sauce,the-south|us,,,,,"{""base"": ""dairy"", ""heat"": ""mild""}","A mayonnaise-based barbecue sauce, thin, pale and sharp. Typical ingredients are vinegar, lemon juice, salt, pepper, cayenne pepper and horseradish stirred into mayonnaise. It goes on barbecue chicken, which is an Alabama speciality, and on wings — dunked whole rather than brushed.",,alabama-white|big-bob-gibson-bar-b-q|bob-gibson|ranch-dressing|blue-cheese-dressing|smoke-then-fry|smoked-bbq-wing|honey-bbq-sauce,s:wp-barbecue-in-alabama|s:fdc-saws-alabama-white-sauce|s:harland-1906,cited,high,False,2026-09-16,https://nanobotco.github.io/buffalo-wings/sauce/alabama-white-sauce/
blue-cheese-dressing,sauce,Blue cheese dressing,bleu cheese|blue cheese|chunky blue,western-ny|us,,,,,"{""base"": ""dairy"", ""heat"": ""none""}","A thick white dip of blue cheese with mayonnaise and buttermilk, sour cream or yogurt, plus milk, vinegar, onion powder and garlic powder. A vinaigrette version exists — salad oil, blue cheese, vinegar and seasonings — and is not what comes with wings. Sold by most major dressing makers in the United States and Canada, and served as the dip beside Buffalo wings and raw vegetables.",,buffalo|ranch-dressing|celery-and-carrots|teressa-bellissimo|anchor-bar|ranch-vs-blue-cheese|buffalo-sauce|sauce-on-the-side|alabama-white-sauce,s:wp-blue-cheese-dressing|s:wp-buffalo-wing|s:wp-anchor-bar|s:fdc-kens-chunky-blue-cheese|s:wikibooks-blue-cheese-dressing|s:farmer-1910,cited,high,False,2026-09-16,https://nanobotco.github.io/buffalo-wings/sauce/blue-cheese-dressing/
buffalo-sauce,sauce,Buffalo sauce,wing sauce|hot sauce and butter|medium,western-ny|us,,,,,"{""base"": ""cayenne-butter"", ""heat"": ""medium"", ""styles"": ""buffalo""}","Cayenne pepper hot sauce cut with melted butter. Two things, warmed together and held warm, poured over fried wings in a metal bowl and shaken. More butter reads mild, less reads hot, and a kitchen moves between the three by changing that ratio rather than the pepper. Worcestershire sauce and garlic powder turn up in plenty of versions. Bottled ready-to-use wing sauce does the same job with oil and butter flavouring in place of butter, because butter separates on a shelf.",,buffalo|franks-redhot|crystal-hot-sauce|the-toss|blue-cheese-dressing|anchor-bar|teressa-bellissimo|mumbo-sauce|naked-fry|buffalo-word,s:wp-buffalo-wing|s:wp-frank-s-redhot|s:wp-crystal-hot-sauce|s:wp-anchor-bar|s:trillin-1980|s:fdc-franks-redhot-buffalo-wings|s:wikibooks-buffalo-wings|s:farmer-1910,cited,high,False,2026-09-16,https://nanobotco.github.io/buffalo-wings/sauce/buffalo-sauce/
crystal-hot-sauce,sauce,Crystal Hot Sauce,Crystal|Crystal Louisiana's Pure Hot Sauce,new-orleans|us,,,,,"{""base"": ""vinegar-pepper"", ""heat"": ""mild"", ""styles"": ""buffalo""}","A reddish-orange Louisiana pepper sauce made by Baumer Foods since 1923: aged red cayenne peppers, distilled vinegar, salt. Three ingredients on the 6 fl oz bottle; the gallon jug adds xanthan gum. Writers put it against Tabasco as having ""a more prominent dark chile flavor, and a slightly subdued vinegar profile"". Buffalo kitchens that do not buy Frank's usually buy this.",,buffalo-sauce|franks-redhot|buffalo|nashville-hot-oil|hot-sauce-labels|jerk-marinade,s:wp-crystal-hot-sauce|s:wp-buffalo-wing|s:wp-carolina-reaper|s:wp-tabasco-sauce|s:fdc-crystal-hot-sauce|s:wp-scoville-scale|s:harland-1906,cited,high,False,2026-09-16,https://nanobotco.github.io/buffalo-wings/sauce/crystal-hot-sauce/
franks-redhot,sauce,Frank's RedHot,Frank's|Frank's RedHot Original Cayenne Pepper Sauce,us|western-ny,,,,,"{""base"": ""vinegar-pepper"", ""heat"": ""mild"", ""styles"": ""buffalo""}","A thin orange cayenne pepper sauce: aged cayenne red peppers, distilled vinegar, water, salt, garlic powder, in that order on the label. McCormick & Company makes it. The Original blend measures 450 Scoville heat units — the capsaicin scale named for Wilbur Scoville — which puts it below Tabasco, Cholula and Tapatío, and barely above Sriracha; the XTRA Hot blend measures 2,000. It is the bottle most Buffalo wing recipes start from.",,buffalo-sauce|crystal-hot-sauce|buffalo|nashville-hot-oil|hot-sauce-labels|anchor-bar|the-toss,s:wp-frank-s-redhot|s:wp-buffalo-wing|s:wp-scoville-scale|s:fdc-franks-redhot-original|s:web-franks-redhot-original-page|s:harland-1906|s:wp-cayenne-pepper,cited,high,False,2026-09-16,https://nanobotco.github.io/buffalo-wings/sauce/franks-redhot/
garlic-parmesan-sauce,sauce,Garlic parmesan sauce,garlic parm|garlic parmesan,us,,,,,"{""base"": ""herb-garlic"", ""heat"": ""none""}","A pale, garlicky wing coating with parmesan in it. Two versions share the name: a creamy emulsified sauce built on oil and egg yolk with parmesan powder, sold bottled; and a kitchen mix of melted butter, minced garlic and grated parmesan tossed over the wings and finished with more cheese and parsley. Neither has heat in it. Both leave the wing wet and the fingers cheesy.",,garlic-parm|lemon-pepper-wet|wingstop|buffalo-sauce|ranch-dressing|the-toss|soy-garlic-sauce,s:wp-buffalo-wing|s:wp-wingstop|s:fdc-kinders-garlic-parmesan,cited,medium,False,2026-09-16,https://nanobotco.github.io/buffalo-wings/sauce/garlic-parmesan-sauce/
honey-bbq-sauce,sauce,Honey barbecue sauce,honey BBQ|honey barbeque,us,,,,,"{""base"": ""sweet-tomato"", ""heat"": ""none""}","A thick sweet red sauce: corn syrup or sugar, vinegar, tomato, honey, smoke flavour and spices. Sticky enough to hold on a wing without butter, sweet enough to caramelise under a broiler or on a grill. Every wing chain sells one, and it is usually the mildest thing on the board.",,smoked-bbq-wing|memphis-rub|mild-sauce|mumbo-sauce|hot-honey|buffalo-wild-wings|grill|wing-night,s:wp-buffalo-wing|s:wp-pizza-hut|s:fdc-sweet-baby-rays-honey-bbq|s:harland-1906|s:wikibooks-barbecue-sauce,cited,high,False,2026-09-16,https://nanobotco.github.io/buffalo-wings/sauce/honey-bbq-sauce/
hot-honey,sauce,Hot honey,chili honey|spicy honey,us,,,,,"{""base"": ""other"", ""heat"": ""medium""}","Honey with chillies in it. Sweet first, then a heat that builds slowly — the flavour writers describe as ""sweet-first"" with a ""slow-building heat"". Goes on pizza, on fried chicken and wings, on roasted vegetables, with cheese, in sandwiches, on desserts, into glazes and marinades and dipping sauces, and into mixed drinks.",,hot-honey-word|honey-bbq-sauce|nashville-hot-oil|jerk-marinade|buffalo-sauce|buffalo-chicken-pizza|sweet-chili-sauce|grill,s:wp-hot-honey|s:fdc-mikes-hot-honey,cited,medium,True,2026-09-16,https://nanobotco.github.io/buffalo-wings/sauce/hot-honey/
jerk-marinade,sauce,Jerk marinade,jerk seasoning|jerk spice|Jamaican jerk spice,caribbean-american|us,,,,,"{""base"": ""other"", ""heat"": ""hot""}","A wet marinade, or a dry rub, built on allspice and Scotch bonnet peppers — both native to Jamaica and grown there by the Taíno. Scallion, thyme, garlic, ginger, cloves, cinnamon, nutmeg, brown sugar, soy sauce, vinegar and salt turn up in it. The heat is the Scotch bonnet's. The word 'jerk' names the rub, the marinade and mop sauce made from it, and the cooking technique, all three.",,caribbean-jerk|peppas-jerk-chicken|smoke-then-fry|grill|nashville-hot-oil|crystal-hot-sauce|hot-honey|sweet-chili-sauce,s:wp-jerk-cooking|s:fdc-spur-tree-jerk-seasoning,cited,high,False,2026-09-16,https://nanobotco.github.io/buffalo-wings/sauce/jerk-marinade/
lemon-pepper-seasoning,sauce,Lemon pepper,lemon pepper seasoning|LP,atlanta|us,,,,,"{""base"": ""citrus-pepper"", ""heat"": ""none""}","A dry blend of granulated lemon zest and cracked black peppercorns. The zest is mashed into the pepper so citrus oil soaks in, then the mix is baked and dried. Commercial blends add salt, sugar, onion powder, garlic powder, citric acid, lemon flavouring, sometimes cayenne. It started as a seafood seasoning and became the wing seasoning Atlanta is known for.",,atlanta-lemon-pepper|lemon-pepper-wet|wet-and-dry|american-deli|jr-cricketts|old-bay|memphis-rub|all-flats|naked-fry,s:wp-lemon-pepper|s:wp-lemon-pepper-wings|s:fdc-mccormick-lemon-pepper,cited,high,False,2026-09-16,https://nanobotco.github.io/buffalo-wings/sauce/lemon-pepper-seasoning/
lemon-pepper-wet,sauce,Lemon pepper wet,LP wet|lemon pepper wet wings,atlanta|us,,,,,"{""base"": ""citrus-pepper"", ""heat"": ""mild""}","A wing that has been through something wet and then through lemon pepper. The wet part varies: a lemon sauce instead of a dry rub at some shops, melted butter at others, Buffalo sauce at others again, with the dry seasoning shaken on after. American Deli in Atlanta invented the version the name usually points at.",,lemon-pepper-seasoning|atlanta-lemon-pepper|wet-and-dry|american-deli|jr-cricketts|buffalo-sauce|the-toss|all-flats,s:wp-lemon-pepper-wings|s:wp-lemon-pepper|s:douglas-1903,cited,medium,False,2026-09-16,https://nanobotco.github.io/buffalo-wings/sauce/lemon-pepper-wet/
mango-habanero,sauce,Mango habanero,mango hab|sweet heat,us,,,,,"{""base"": ""other"", ""heat"": ""hot""}","A sweet-then-hot wing sauce: mango purée and corn syrup in front, habanero and cayenne behind. Orange, thick, and built to be tossed. It is the standard second-from-the-top rung on a chain wing board — hot enough to be a choice, sweet enough to finish.",,atomic|sweet-chili-sauce|hot-honey|buffalo-wild-wings|wingstop|buffalo-sauce|boneless-wings|the-toss,s:wp-buffalo-wing|s:wp-wingstop|s:fdc-sweet-baby-rays-mango-habanero|s:wp-scoville-scale,cited,medium,False,2026-09-16,https://nanobotco.github.io/buffalo-wings/sauce/mango-habanero/
memphis-rub,sauce,Memphis dry rub,dry rub|Memphis rub|dry,memphis|us,,,,,"{""base"": ""dry-rub"", ""heat"": ""mild""}","A dry mix of salt, paprika, sugar and spices, patted onto meat before it cooks and shaken over it again after. Memphis barbecue is mostly pork — ribs and shoulders — and its ribs come dry or wet: dry means rub and no sauce, wet means sauce brushed on before, during and after. The same rub goes on wings, which get the rib counter's treatment without the pit.",,memphis-dry-rub|central-bbq|wet-and-dry|old-bay|lemon-pepper-seasoning|smoke-then-fry|honey-bbq-sauce|smoked-bbq-wing,s:wp-memphis-style-barbecue|s:fdc-adams-reserve-memphis-rub,cited,medium,False,2026-09-16,https://nanobotco.github.io/buffalo-wings/sauce/memphis-rub/
mild-sauce,sauce,Mild sauce,Chicago mild sauce,chicago|us,,,,,"{""base"": ""sweet-tomato"", ""heat"": ""mild""}","A red-brown condiment poured over fried chicken and wings on Chicago's South and West Sides. Recipes vary a great deal; many versions combine ketchup, barbecue sauce and hot sauce. Close kin to barbecue sauce and to mumbo sauce, and particularly associated with Black communities in Chicago. The name is not a heat rating — it is what the sauce is called.",,chicago-mild-sauce|mumbo-sauce|harolds-chicken-shack|uncle-remus-saucy-fried-chicken|argia-b-collins|white-bread-and-pickles|mild-sauce-word|honey-bbq-sauce,s:wp-mild-sauce|s:wp-mumbo-sauce|s:wp-harold-s-chicken-shack|s:fdc-aishas-mild-sauce|s:harland-1906,cited,medium,True,2026-09-16,https://nanobotco.github.io/buffalo-wings/sauce/mild-sauce/
mumbo-sauce,sauce,Mumbo sauce,mambo sauce|Mumbo® Sauce,dc|chicago|us,,,,,"{""base"": ""sweet-tomato"", ""heat"": ""mild""}","A carryout condiment of Washington, D.C.: red-orange, thick, poured over fried chicken wings, french fries, fried jumbo shrimp and fried rice. Close to barbecue sauce but sweeter, and either spicier or more sour depending on whose it is. The consistency and the flavour vary shop to shop. Its origin and its ingredients are both disputed, and so is its spelling.",,dc-mumbo|mild-sauce|john-young|argia-b-collins|mumbo-fries|capital-city-mambo-sauce|yums-carry-out|mumbo|buffalo-sauce|fried-rice-plate,s:wp-mumbo-sauce|s:wp-mild-sauce|s:wp-buffalo-wing|s:fdc-capital-city-mild-mambo|s:harland-1906,cited,high,False,2026-09-16,https://nanobotco.github.io/buffalo-wings/sauce/mumbo-sauce/
nashville-hot-oil,sauce,Nashville hot paste,hot oil|the paste|cayenne paste,nashville|us,,,,,"{""base"": ""other"", ""heat"": ""very hot""}","A cayenne paste, spooned onto fried chicken the moment it leaves the fryer. Fat carries it — lard or a ladle of the frying oil itself — which is why it soaks in rather than sitting on top, and why the bird turns deep red. Some shops add sugar, garlic or extra hot sauce. Some apply it before breading instead of after. Recipes are kept close.",,nashville-hot|princes-hot-chicken-shack|thornton-prince|andre-prince-jeffries|white-bread-and-pickles|frying-oil|buffalo-sauce|franks-redhot|hattie-bs,s:wp-hot-chicken|s:wp-prince-s-hot-chicken-shack|s:wp-hattie-b-s-hot-chicken|s:fdc-franks-redhot-nashville-hot|s:wp-cayenne-pepper,cited,medium,False,2026-09-16,https://nanobotco.github.io/buffalo-wings/sauce/nashville-hot-oil/
old-bay,sauce,Old Bay Seasoning,Old Bay|the yellow can,baltimore|us,,,,,"{""base"": ""dry-rub"", ""heat"": ""mild""}","A blend of eighteen herbs and spices built on celery salt — salt and celery seed — with red pepper, black pepper and paprika. Bay leaves, mustard, cardamom, cloves and ginger are among the others listed for the original product held at the Baltimore Museum of Industry. Made for crab and shrimp; used on wings, fries, popcorn, eggs, corn and a great deal else across Maryland, Virginia and the rest of the Mid-Atlantic.",,baltimore-old-bay|lemon-pepper-seasoning|memphis-rub|wet-and-dry|french-fries|naked-fry|hot-sauce-labels,s:wp-old-bay-seasoning|s:fdc-old-bay-seasoning|s:wp-super-bowl,cited,high,False,2026-09-16,https://nanobotco.github.io/buffalo-wings/sauce/old-bay/
ranch-dressing,sauce,Ranch dressing,ranch|Hidden Valley Ranch,us,,,,,"{""base"": ""dairy"", ""heat"": ""none""}","A savoury creamy dressing of buttermilk, salt, garlic, onion, black pepper and herbs — commonly chives, parsley and dill — mixed into mayonnaise or another oil emulsion. Sour cream and yogurt sometimes stand in for the buttermilk or the mayonnaise. It has been the best-selling salad dressing in the United States since 1992, when it passed Italian, and it is the most popular wing dip in the country.",,blue-cheese-dressing|ranch-vs-blue-cheese|buffalo|celery-and-carrots|wingstop|buffalo-sauce|garlic-parmesan-sauce|alabama-white-sauce|boneless-wings,s:wp-ranch-dressing|s:wp-buffalo-wing|s:wp-wingstop|s:fdc-hidden-valley-ranch|s:wikibooks-buttermilk-ranch-dressing|s:farmer-1910,cited,high,False,2026-09-16,https://nanobotco.github.io/buffalo-wings/sauce/ranch-dressing/
soy-garlic-sauce,sauce,Soy garlic sauce,ganjang chicken sauce|ganjang-chikin sauce|soy garlic,korean-american|us,,,,,"{""base"": ""soy-sweet"", ""heat"": ""none""}","A brown glaze of soy sauce, sugar and garlic, brushed onto fried chicken after the fryer. Sweet and savoury rather than hot; often heavily garlicky. Ganjang-chikin — soy sauce chicken — is the Korean name for the dish it makes. A honey version, sweeter and stickier, is sold alongside it.",,korean-american|yangnyeom-sauce|bonchon|teriyaki-sauce|double-fry|pickled-radish|honey-bbq-sauce|garlic-parmesan-sauce,s:wp-bonchon-chicken|s:wp-korean-fried-chicken|s:fdc-we-love-you-soy-garlic,cited,high,False,2026-09-16,https://nanobotco.github.io/buffalo-wings/sauce/soy-garlic-sauce/
sweet-chili-sauce,sauce,Sweet chili sauce,sweet Thai chili sauce|nam chim kai|น้ำจิ้มไก่,us,,,,,"{""base"": ""other"", ""heat"": ""mild""}","A clear, thickened red sauce of chillies, rice wine vinegar and sugar, often with garlic and sometimes fish sauce. Red chilli peppers — Fresno, Thai or red jalapeños — give it its flecks. Known in Thailand as nam chim kai, a dipping sauce for chicken, and used across Thai, Afghan, Malaysian and Western cooking. In European Chinese restaurants it is the dip for prawn toast, egg rolls, lettuce wraps, spring rolls and chicken wings.",,hot-honey|mango-habanero|yangnyeom-sauce|teriyaki-sauce|jerk-marinade|the-toss|sauce-on-the-side,s:wp-sweet-chili-sauce|s:wp-buffalo-wing|s:wp-sriracha|s:fdc-ka-me-sweet-chili,cited,high,False,2026-09-16,https://nanobotco.github.io/buffalo-wings/sauce/sweet-chili-sauce/
teriyaki-sauce,sauce,Teriyaki sauce,teriyaki|tare,us|hawaii|pacific-northwest,,,,,"{""base"": ""soy-sweet"", ""heat"": ""none""}","Soy sauce, mirin or sake, and sugar, boiled down to a glaze. The Japanese name for it is tare (タレ). Traditionally the meat is dipped in it or brushed with it while cooking; ginger goes in sometimes, spring onion over the top. In North America the word covers any dish made with a teriyaki-like sauce, including versions using substitutes for sake or mirin, or adding sesame or garlic — both uncommon in Japanese cooking. It goes on chicken wings and is used as a dipping sauce.",,soy-garlic-sauce|sweet-chili-sauce|grill|honey-bbq-sauce|yangnyeom-sauce|the-toss|buffalo-wild-wings,s:wp-teriyaki|s:wp-buffalo-wing|s:fdc-kikkoman-teriyaki|s:wikibooks-teriyaki-sauce,cited,high,False,2026-09-16,https://nanobotco.github.io/buffalo-wings/sauce/teriyaki-sauce/
yangnyeom-sauce,sauce,Yangnyeom sauce,yangnyeom|seasoned sauce|sweet and spicy,korean-american|us,,,,,"{""base"": ""other"", ""heat"": ""medium""}","A sweet and spicy glaze built on gochujang — a fermented Korean paste of red chili powder, glutinous rice, fermented soybean powder, barley malt powder and salt — with garlic, sugar and other seasonings. Painted onto fried chicken with a brush after the fryer, in a thin even coat rather than a toss. Yangnyeom chicken is the dish; this is what makes it.",,korean-american|soy-garlic-sauce|double-fry|pickled-radish|bonchon|sweet-chili-sauce|hot-honey|buffalo-sauce,s:wp-yangnyeom-chicken|s:wp-korean-fried-chicken|s:wp-gochujang|s:fdc-roland-gochujang-korean-bbq,cited,high,False,2026-09-16,https://nanobotco.github.io/buffalo-wings/sauce/yangnyeom-sauce/
beef-on-weck,dish,beef on weck,beef on kummelweck,western-ny,,,,,"{""course"": ""main""}","Rare roast beef, hand-carved thin, on a kummelweck roll topped with kosher salt and caraway seeds. The cut face of the top half gets dipped in jus from the roast; prepared horseradish comes on the side for the eater to spread. Along with wings and sponge candy it is one of the three best-known Buffalo specialties.",,weck|buffalo|buffalo-wild-wings|the-pitcher|wing-basket|gabriels-gate,s:wp-beef-on-weck|s:wp-buffalo-new-york|s:wp-buffalo-wild-wings,cited,high,False,2026-09-16,https://nanobotco.github.io/buffalo-wings/dish/beef-on-weck/
boneless-wings,dish,boneless wings,boneless|wyngz|boneless chicken wings,us,,,,,"{""course"": ""main"", ""cut"": ""boneless""}","Small pieces of skinless, boneless chicken breast coated in flour and spices, then fried or baked, like a chicken nugget, and tossed in or served with the same sauces as a Buffalo wing. Restaurants began offering them after the price of raw wings rose and as some diners wanted a neater way to eat; they are sometimes marketed under the name wyngz.",,boneless|boneless-is-not-a-wing|wing-cut|buffalo|buffalo-sauce|dredge|wingstop|buffalo-wild-wings|the-price-of-a-wing,s:wp-buffalo-wing|s:web-ap-boneless-wings-ohio|s:web-cbs-boneless-wings|s:web-thompson-coburn-berkheimer|s:wp-chicken-nugget|s:wp-chicken-tenders,cited,high,True,2026-09-16,https://nanobotco.github.io/buffalo-wings/dish/boneless-wings/
buffalo-chicken-dip,dish,buffalo chicken dip,buffalo chicken wing dip|wing dip,us,,,,,"{""course"": ""side"", ""styles"": [""buffalo""]}","Shredded chicken, cream cheese, cayenne-and-butter wing sauce and a dairy dressing, baked until it bubbles and eaten hot with chips, celery or bread. It takes the flavour of a wing and removes the bone, the skin, the fryer and the plate.",,buffalo-sauce|buffalo|blue-cheese-dressing|ranch-dressing|celery-and-carrots|super-bowl-sunday|boneless-wings|buffalo-chicken-pizza,s:wp-buffalo-wing|s:wp-super-bowl|s:wp-frank-s-redhot|s:wp-blue-cheese-dressing|s:wp-ranch-dressing,cited,medium,True,2026-09-16,https://nanobotco.github.io/buffalo-wings/dish/buffalo-chicken-dip/
buffalo-chicken-pizza,dish,buffalo chicken pizza,buffalo chicken pie|wing pizza,western-ny|us,,,,,"{""course"": ""main"", ""styles"": [""buffalo""]}","A pizza sauced with cayenne-and-butter wing sauce instead of tomato, topped with chicken and mozzarella, and finished with blue cheese or ranch. Buffalo is applied here to a dish that is seasoned with the sauce rather than fried in the style at all.",,buffalo-sauce|buffalo|buffalo-word|la-nova-pizzeria|blue-cheese-dressing|boneless-wings|pizza-logs|super-bowl-sunday,s:wp-buffalo-wing|s:wp-pizza-hut|s:wp-blue-cheese-dressing,cited,medium,True,2026-09-16,https://nanobotco.github.io/buffalo-wings/dish/buffalo-chicken-pizza/
celery-and-carrots,dish,celery and carrots,celery|veggie sticks|the vegetables,western-ny|us,,,,,"{""course"": ""side"", ""styles"": [""buffalo""]}","Cut celery, usually with carrot sticks, served cold beside hot wings with a cup of blue cheese or ranch that both the vegetables and the wings go into. Celery here is the petiole — the leaf stalk of Apium graveolens — cut raw to finger length. It cools the mouth between wings, it carries dip, and it is the one item on the plate nobody asks for.",,buffalo|anchor-bar|teressa-bellissimo|blue-cheese-dressing|ranch-dressing|wing-basket|white-bread-and-pickles|pickled-radish,s:wp-buffalo-wing|s:wp-anchor-bar|s:wp-celery|s:wp-wingstop,cited,high,False,2026-09-16,https://nanobotco.github.io/buffalo-wings/dish/celery-and-carrots/
chicken-and-waffles,dish,chicken and waffles,chicken 'n' waffles,the-south|nyc|socal|us,,,,,"{""course"": ""main""}","Fried chicken on a waffle, eaten with butter and syrup as a waffle would be, and often with hot sauce. It belongs to several culinary traditions at once — Pennsylvania Dutch cuisine and soul food among them — and the two versions are not the same dish.",,harolds-chicken-shack|uncle-remus-saucy-fried-chicken|nashville-hot|white-bread-and-pickles|hot-honey|brine|dredge,s:wp-chicken-and-waffles|s:wp-soul-food|s:wp-fried-chicken,cited,high,False,2026-09-16,https://nanobotco.github.io/buffalo-wings/dish/chicken-and-waffles/
chicken-riggies,dish,chicken riggies,Utica riggies|riggies,upstate-ny,,,,,"{""course"": ""main""}","An Italian-American pasta dish from the Utica–Rome area of New York: chicken, rigatoni, and hot or sweet peppers in a spicy cream-and-tomato sauce. Variations are many; the peppers and the rigatoni are the constants.",,buffalo|the-origin-fight|pizza-logs|garbage-plate|the-pitcher,s:wp-chicken-riggies|s:wp-buffalo-wing,cited,medium,True,2026-09-16,https://nanobotco.github.io/buffalo-wings/dish/chicken-riggies/
french-fries,dish,french fries,fries|chips,us,,,,,"{""course"": ""side""}","Potatoes cut into even batonnet or julienne strips, dried, and deep-fried. Beside wings they do three jobs: they soak the sauce that drips, they stretch a small order into a meal, and in several cities they become the plate the wings sit on.",,mumbo-fries|jojo-potatoes|double-fry|frying-oil|deep-fryer|wingstop|wing-basket|garbage-plate,s:web-wp-french-fries|s:wp-deep-frying|s:wp-wingstop|s:wp-mumbo-sauce|s:wp-mild-sauce|s:wp-lemon-pepper-wings,cited,high,False,2026-09-16,https://nanobotco.github.io/buffalo-wings/dish/french-fries/
fried-rice-plate,dish,the fried rice plate,wings over fried rice|wings and rice,dc|us,,,,,"{""course"": ""main"", ""styles"": [""dc-mumbo""]}","Whole fried chicken wings served over egg fried rice with mumbo sauce, sold from Chinese-American carryouts across the Washington, D.C. metropolitan region. The wings are not cut; they go into the oil whole and come out as a set of three-jointed pieces laid over the rice.",,mumbo-sauce|dc-mumbo|mumbo-fries|yums-carry-out|horaces-and-dickies|wing-cut|mild-sauce,s:wp-american-chinese-cuisine|s:wp-mumbo-sauce|s:wp-mild-sauce,cited,medium,True,2026-09-16,https://nanobotco.github.io/buffalo-wings/dish/fried-rice-plate/
garbage-plate,dish,Garbage Plate,trash plate|plate|Rochester plate|junkyard plate,rochester|upstate-ny,,,,,"{""course"": ""main""}","Hot dog or hamburger meat and a meat hot sauce piled on a bed of side dishes — usually macaroni salad and home fries — with onions and mustard, and buttered bread alongside. Rochester's signature dish, and a trademark of one restaurant that every other restaurant has to work around.",,rochester-breaded|buffalo|french-fries|jeremiahs-tavern|country-sweet-chicken-and-ribs|the-pitcher,s:wp-garbage-plate|s:wp-rochester-new-york,cited,high,False,2026-09-16,https://nanobotco.github.io/buffalo-wings/dish/garbage-plate/
jojo-potatoes,dish,jojo potatoes,jojos|jo jos|potato jojos,pacific-northwest|upstate-ny|us,,,,,"{""course"": ""side""}","A potato wedge that has been breaded, pressure-fried and spiced — not a bare wedge, and not a fry. The pressure fryer is a pressure cooker filled with hot oil, so the potato cooks fast and hard while keeping its water. Sold beside fried chicken across the Pacific Northwest, and in pockets of Montana, Minnesota, Nebraska, Northeast Ohio and upstate New York.",,french-fries|deep-fryer|breaded-fry|dredge|frying-oil|wing-basket,s:web-wweek-jojo|s:wp-deep-frying,cited,medium,True,2026-09-16,https://nanobotco.github.io/buffalo-wings/dish/jojo-potatoes/
mozzarella-sticks,dish,mozzarella sticks,mozz sticks|fried mozzarella,us|upstate-ny,,,,,"{""course"": ""side""}","Elongated pieces of mozzarella coated in breadcrumbs or batter and fried, served as an hors d'oeuvre with marinara. On a wing menu they are the thing a table orders when half of it does not want wings.",,pizza-logs|deep-fryer|breaded-fry|dredge|ranch-dressing|wing-basket,s:wp-mozzarella-sticks|s:wp-deep-frying,cited,high,False,2026-09-16,https://nanobotco.github.io/buffalo-wings/dish/mozzarella-sticks/
mumbo-fries,dish,mumbo fries,mambo fries|fries with mumbo,dc,,,,,"{""course"": ""side"", ""styles"": [""dc-mumbo""]}","French fries under mumbo sauce, from a Washington, D.C. carryout. Mumbo is a sweet, tangy, ketchup-based condiment — like barbecue sauce but sweeter, and somewhat spicier or more sour, with real variation in flavour and consistency between makers.",,mumbo-sauce|french-fries|dc-mumbo|fried-rice-plate|capital-city-mambo-sauce|mumbo|john-young,s:wp-mumbo-sauce|s:wp-american-chinese-cuisine|s:web-wp-french-fries|s:wp-buffalo-wing,cited,high,False,2026-09-16,https://nanobotco.github.io/buffalo-wings/dish/mumbo-fries/
pickled-radish,dish,pickled radish,chicken-mu|danmuji|치킨무,korean-american|us,,,,,"{""course"": ""side"", ""styles"": [""korean-american""]}","Cubed pickled daikon in a sweet-sour brine, served cold in a small tub beside Korean fried chicken. Pickled radishes and beer or carbonated drinks are the standard accompaniment; Bonchon lists pickled radish among its side dishes alongside kimchi, coleslaw and Korean street corn.",,korean-american|bonchon|yangnyeom-sauce|soy-garlic-sauce|the-pitcher|celery-and-carrots|double-fry,s:wp-korean-fried-chicken|s:wp-bonchon-chicken|s:web-wp-danmuji,cited,medium,True,2026-09-16,https://nanobotco.github.io/buffalo-wings/dish/pickled-radish/
pizza-logs,dish,pizza logs,pizza egg rolls,western-ny|upstate-ny,,,,,"{""course"": ""side""}","Mozzarella, and often pepperoni, rolled in an egg-roll wrapper and deep-fried, served with marinara to dip. A Western New York bar snack that sits on the same appetizer list as wings and sells in freezer cases across upstate.",,mozzarella-sticks|buffalo|deep-fryer|buffalo-chicken-pizza|the-pitcher|wing-basket,s:web-popik-pizza-logs|s:wp-mozzarella-sticks,cited,medium,True,2026-09-16,https://nanobotco.github.io/buffalo-wings/dish/pizza-logs/
the-pitcher,dish,the pitcher,a pitcher|pitcher of beer|chimaek,us|korean-american,,,,,"{""course"": ""drink""}","Draught beer sold by the jug for a table to share. It is the other half of a wing order almost everywhere wings are sold, and in two traditions it is named into the food: Hooters built its concept on wings and beer, and Korean has a single word for the pairing.",,wing-basket|hooters|buffalo|korean-american|bonchon|wing-night|beef-on-weck|super-bowl-sunday,s:wp-hooters|s:wp-korean-fried-chicken|s:wp-bonchon-chicken|s:wp-buffalo-wing|s:wp-beef-on-weck,cited,medium,True,2026-09-16,https://nanobotco.github.io/buffalo-wings/dish/the-pitcher/
white-bread-and-pickles,dish,white bread and pickles,bread and pickles|the bread,nashville|the-south,,,,,"{""course"": ""bread"", ""styles"": [""nashville-hot""]}","Two slices of plain white sandwich bread with pickle chips on top, and the hot chicken laid over both. The bread catches the cayenne paste and the fat coming off the bird; the pickles cut it. It is not a side — it is the plate.",,nashville-hot|princes-hot-chicken-shack|hattie-bs|boltons-spicy-chicken-and-fish|nashville-hot-oil|celery-and-carrots|andre-prince-jeffries,s:wp-hot-chicken|s:wp-prince-s-hot-chicken-shack|s:wp-buffalo-wing,cited,high,False,2026-09-16,https://nanobotco.github.io/buffalo-wings/dish/white-bread-and-pickles/
wing-basket,dish,the wing basket,a basket of wings|wing order|the plate,us,,,,,"{""course"": ""main"", ""styles"": [""buffalo""]}","The unit a bar sells wings in: a count of pieces in a basket or on a plate, lined with paper, with celery and carrots, a cup of blue cheese or ranch, and usually fries. A fry basket is the tool the wings come out of the oil in — it contains the food in the fryer and strains it on the way out — and the serving basket copies its shape.",,wing|wing-cut|celery-and-carrots|french-fries|the-pitcher|deep-fryer|all-flats|wing-night|the-price-of-a-wing,s:wp-buffalo-wing|s:wp-deep-frying|s:wp-hooters|s:wp-wingstop|s:wp-buffalo-wild-wings|s:wp-chicken-as-food,cited,high,False,2026-09-16,https://nanobotco.github.io/buffalo-wings/dish/wing-basket/
air-fryer,fry,the air fryer,air frying|countertop convection oven,us,,,,,"{""kind"": ""tool""}","A small countertop convection oven that reaches deep-frying temperatures without submerging the food in oil. It circulates air at up to 200 °C / 392 °F to brown food coated in a thin layer of oil, where conventional frying drives the same browning reactions at 140–165 °C / 284–329 °F by putting the food in hot oil instead. Food sits in a basket over a drip tray, and for small pieces the basket must be shaken.",,baking-powder-bake|deep-fryer|naked-fry|the-toss|frying-oil|super-bowl-sunday,s:wp-convection-oven|s:wp-deep-frying,cited,high,False,2026-09-16,https://nanobotco.github.io/buffalo-wings/fry/air-fryer/
baking-powder-bake,fry,the baking powder bake,oven wings|baked wings|no-fry wings,us,,,,,"{""kind"": ""method""}","The home method that gets wing skin to crisp in an oven: toss dried wings with baking powder and salt, bake low to render and dry, then hot to brown. No fryer, no pot of oil, and a crust that holds sauce for about as long as it takes to eat.",,air-fryer|naked-fry|deep-fryer|buffalo-sauce|the-toss|super-bowl-sunday|brine,s:web-cookful-crispy-wings|s:web-recipetin-crispy-wings|s:wp-convection-oven|s:wp-super-bowl,cited,high,False,2026-09-16,https://nanobotco.github.io/buffalo-wings/fry/baking-powder-bake/
breaded-fry,fry,the breaded fry,breaded|dredged and fried|Rochester-style,rochester|us,,,,,"{""kind"": ""coating""}","Coating a wing before it goes in the oil — flour, seasoned flour, batter or crumbs — so the crust rather than the skin carries the crunch and holds the sauce. One common method for preparing food for deep frying involves adding multiple layers of batter around the food, such as cornmeal, flour or tempura; breadcrumbs may also be used.",,rochester-breaded|naked-fry|dredge|john-young|nashville-hot|jojo-potatoes|mozzarella-sticks|extra-crispy,s:wp-buffalo-wing|s:wp-deep-frying|s:wp-hot-chicken|s:wp-fried-chicken|s:wp-national-buffalo-wing-festival,cited,high,False,2026-09-16,https://nanobotco.github.io/buffalo-wings/fry/breaded-fry/
brine,fry,the brine,brining|buttermilk soak|dry brine,us,,,,,"{""kind"": ""prep""}","Salting the bird before it cooks. Brining treats food with brine or coarse salt, which preserves and seasons it while enhancing tenderness. A wet brine immerses the meat in salt water; a dry brine covers it in coarse salt, which draws moisture out of the interior to the surface where it mixes with the salt and is then reabsorbed.",,dredge|baking-powder-bake|nashville-hot|chicken-and-waffles|naked-fry|par-cook,s:web-wp-brining|s:wp-hot-chicken|s:wp-buffalo-wing,cited,high,False,2026-09-16,https://nanobotco.github.io/buffalo-wings/fry/brine/
deep-fryer,fry,the deep fryer,the fryer|fry vat|chip pan|pressure fryer,us,,,,,"{""kind"": ""fryer""}","The machine or pot the wing goes into: food submerged in hot fat rather than shallow-fried in a pan. A commercial vat, a chip pan, a wok, a Dutch oven or a cast-iron pot all do it. Industrially, a pressure fryer or a vacuum fryer may be used. Fry baskets contain the food in the fryer and strain it on the way out, and a thermometer is the other tool that matters.",,frying-oil|naked-fry|double-fry|par-cook|air-fryer|jojo-potatoes|wing-basket|mozzarella-sticks,s:wp-deep-frying|s:web-wweek-jojo|s:wp-buffalo-wing,cited,high,False,2026-09-16,https://nanobotco.github.io/buffalo-wings/fry/deep-fryer/
double-fry,fry,the double fry,frying twice|two-stage fry,korean-american|us,,,,,"{""kind"": ""method""}","Frying in two passes with a rest between them. The first pass cooks the piece through and drives water out of the skin; the rest lets the surface dry and the interior even out; the second pass, hotter, builds the crust. The result is the thin, hard, glassy shell that will not go soft under sauce.",,korean-american|bonchon|par-cook|french-fries|soy-garlic-sauce|yangnyeom-sauce|sauce-on-the-side|extra-crispy,s:wp-korean-fried-chicken|s:wp-bonchon-chicken|s:web-wp-french-fries|s:wp-deep-frying,cited,high,False,2026-09-16,https://nanobotco.github.io/buffalo-wings/fry/double-fry/
dredge,fry,the dredge,dredging|the flour|the breading station,us,,,,,"{""kind"": ""coating""}","Coating food before it fries. One common method for preparing food for deep frying involves adding multiple layers of batter around the food — cornmeal, flour or tempura — and breadcrumbs may be used. On a wing it is the difference between Buffalo and Rochester; on everything else at the counter it is simply how the thing is made.",,breaded-fry|rochester-breaded|naked-fry|brine|nashville-hot|mozzarella-sticks|boneless-wings|jojo-potatoes,s:wp-deep-frying|s:wp-hot-chicken|s:wp-mozzarella-sticks|s:wp-buffalo-wing|s:wp-fried-chicken,cited,high,False,2026-09-16,https://nanobotco.github.io/buffalo-wings/fry/dredge/
frying-oil,fry,frying oil,the fat|the oil|shortening|tallow,us,,,,,"{""kind"": ""oil""}","What the wing is cooked in. Deep frying submerges food in hot fat — traditionally lard, today most commonly oil — and the choice of fat sets flavour, how long the vat lasts, what the shop pays and what goes on the allergen sheet. Four answers cover most American wing counters: beef tallow, peanut, soybean and canola.",,deep-fryer|naked-fry|french-fries|double-fry|air-fryer|the-price-of-a-wing|jojo-potatoes,s:wp-deep-frying|s:web-wp-french-fries,cited,high,True,2026-09-16,https://nanobotco.github.io/buffalo-wings/fry/frying-oil/
grill,fry,the grill,grilled wings|over coals|the drum,caribbean-american|us,,,,,"{""kind"": ""heat""}","Cooking the wing over direct heat instead of in oil. Buffalo's own reference text lists it among the alternatives — traditionally deep-fried, but alternatively baked, grilled, or broiled — and the Anchor Bar's account rules it out for its own wings: they are not grilled, but only deep-fried and slightly crispy.",,caribbean-jerk|jerk-marinade|peppas-jerk-chicken|smoke-then-fry|naked-fry|air-fryer|anchor-bar,s:wp-jerk-cooking|s:wp-buffalo-wing|s:wp-anchor-bar,cited,high,False,2026-09-16,https://nanobotco.github.io/buffalo-wings/fry/grill/
naked-fry,fry,the naked fry,naked|unbreaded|bare,western-ny|us,,,,,"{""kind"": ""coating""}","Frying a wing with nothing on it — no batter, no flour, no crumb. The skin browns and crisps on its own, the fat under it renders into the oil, and the sauce goes on afterwards. A Buffalo wing is an unbreaded chicken wing section, deep-fried and then coated or dipped in cayenne sauce and melted butter.",,buffalo|breaded-fry|naked|anchor-bar|the-toss|frying-oil|john-young|air-fryer,s:wp-buffalo-wing|s:wp-anchor-bar|s:wp-deep-frying|s:wp-national-buffalo-wing-festival,cited,high,False,2026-09-16,https://nanobotco.github.io/buffalo-wings/fry/naked-fry/
par-cook,fry,the par-cook,par-frying|blanching|the first fry|pre-cooking,us,,,,,"{""kind"": ""method""}","Cooking the wing most of the way in advance and finishing it to order. The first pass drives out water and cooks the meat through; the finishing pass, hotter and short, browns it. It is the same architecture as a double fry, separated by hours instead of minutes and done for service rather than for texture.",,double-fry|deep-fryer|french-fries|smoke-then-fry|wing-basket|super-bowl-sunday,s:web-wp-french-fries|s:wp-bonchon-chicken|s:wp-deep-frying|s:wp-korean-fried-chicken,cited,medium,True,2026-09-16,https://nanobotco.github.io/buffalo-wings/fry/par-cook/
sauce-on-the-side,fry,sauce on the side,on the side|naked with sauce|dry with a cup,us|western-ny,,,,,"{""kind"": ""method""}","Ordering the wings unsauced with the sauce in a cup. The argument is whether the sauce is a step in the cooking or a condiment at the table — and the traditions answer it differently, on the record, in their own methods.",,the-toss|buffalo|blue-cheese-dressing|ranch-dressing|double-fry|wet-and-dry|lemon-pepper-wet|boneless-is-not-a-wing,s:wp-buffalo-wing|s:wp-anchor-bar|s:wp-bonchon-chicken|s:wp-lemon-pepper-wings|s:wp-hot-chicken,cited,high,False,2026-09-16,https://nanobotco.github.io/buffalo-wings/fry/sauce-on-the-side/
smoke-then-fry,fry,smoke then fry,smoked and flashed|smoke-fried wings,memphis|the-south|us,,,,,"{""kind"": ""smoke""}","Cooking the wing through in smoke, then dropping it briefly into hot oil or onto high heat to tighten the skin. Smoke gives flavour and colour that a fryer cannot; the fryer gives a crust that smoke alone leaves flabby. The rub or the sauce goes on after.",,smoked-bbq-wing|central-bbq|big-bob-gibson-bar-b-q|memphis-dry-rub|alabama-white-sauce|deep-fryer|grill|wet-and-dry,s:web-wp-smoking-cooking|s:wp-buffalo-wing,cited,medium,True,2026-09-16,https://nanobotco.github.io/buffalo-wings/fry/smoke-then-fry/
the-toss,fry,the toss,the bowl|tossing|shaking the wings,western-ny|us,,,,,"{""kind"": ""method""}","The metal bowl. Cooked wings go into a bowl or pot, sauce goes over them, and the whole thing is shaken to coat the wings completely before serving. It is the last step of a Buffalo wing and the only one that touches the wing after the oil.",,buffalo-sauce|buffalo|naked-fry|sauce-on-the-side|anchor-bar|wet-and-dry|soy-garlic-sauce|wing-basket,s:wp-buffalo-wing|s:wp-anchor-bar|s:wp-bonchon-chicken,cited,high,False,2026-09-16,https://nanobotco.github.io/buffalo-wings/fry/the-toss/
wing-cut,fry,the wing cut,breaking down a wing|segmenting|jointing the wing,us,,,,,"{""kind"": ""cut"", ""cut"": ""party wing""}","Where the knife goes on a chicken wing. The wing comes off the bird in three segments and the cook cuts it at both joints: the drumette, shaped like a small drumstick and white meat; the middle flat, also called the wingette, containing two bones; and the tip, often discarded or used for stock. Two pieces go in the basket, so one wing off the bird sells as two wings on a menu.",,wing|drumette|flat|wing-tip|party-wing|all-flats|the-flat-and-the-drum|boneless-wings|fried-rice-plate|wing-basket,s:wp-buffalo-wing|s:wp-chicken-as-food|s:wp-poultry|s:wp-american-chinese-cuisine,cited,high,False,2026-09-16,https://nanobotco.github.io/buffalo-wings/fry/wing-cut/
american-deli,place,American Deli,"American Deli International, Inc.",atlanta,GA,Atlanta,33.749,-84.388,"{""state"": ""GA"", ""status"": ""open"", ""founded"": 1989, ""cooked"": ""fried"", ""styles"": [""atlanta-lemon-pepper""]}","A counter chain out of Atlanta, open since 1989, that sells wings by the ten-piece with a long board of seasonings and sauces. Lemon pepper wet — wings sauced and then hit with dry lemon pepper — was invented here, and the company now runs more than 200 stores across ten states.",,atlanta-lemon-pepper|lemon-pepper-wet|lemon-pepper-seasoning|jr-cricketts|wet-and-dry|wingstop|fried-rice-plate,s:wp-lemon-pepper-wings|s:web-american-deli-about|s:web-american-deli-franchise-story|s:web-american-deli-press|s:web-atlanta-eats-lemon-pepper,cited,medium,True,2026-09-16,https://nanobotco.github.io/buffalo-wings/place/american-deli/
anchor-bar,place,Anchor Bar,Anchor Bar Buffalo|Frank & Teressa's Anchor Bar,western-ny,NY,Buffalo,42.90743,-78.87261,"{""state"": ""NY"", ""status"": ""open"", ""founded"": 1935, ""cooked"": ""fried"", ""styles"": [""buffalo""]}","A bar and restaurant at Main and North in Buffalo, open since 1935, which claims the Buffalo wing and has trademarked the phrase. Frank and Teressa Bellissimo opened it; their son Dominic ran it and sold the story. The dining room keeps the motorcycles, the jukebox and the original bar, and the wings go out bare-fried with blue cheese and celery.",,buffalo|teressa-bellissimo|dominic-bellissimo|duffs-famous-wings|the-origin-fight,s:wp-anchor-bar|s:wp-buffalo-wing|s:trillin-1980,cited,high,False,2026-09-16,https://nanobotco.github.io/buffalo-wings/place/anchor-bar/
atomic-wings,place,Atomic Wings,,nyc|us,NY,New York,40.8025114,-73.9565294,"{""state"": ""NY"", ""status"": ""open"", ""founded"": 1989, ""cooked"": ""fried"", ""styles"": [""buffalo""]}","A New York wing chain founded in 1989 by a man trying to reproduce what he had eaten as a student in Buffalo. Wings are cut by hand and breaded on the premises, which is not the Buffalo method, and sauced from more than a dozen house mixes. Shops are small — 800 to 1,500 square feet — and built for takeout rather than for sitting.",,atomic|breaded-fry|buffalo|anchor-bar|duffs-famous-wings|buffalo-wild-wings|rochester-breaded,s:web-atomic-wings-about|s:web-atomic-wings-rb|s:osm,cited,medium,True,2026-09-16,https://nanobotco.github.io/buffalo-wings/place/atomic-wings/
bar-bill-tavern,place,Bar-Bill Tavern,Bar Bill|Bar-Bill,western-ny,NY,East Aurora,42.7675581,-78.6279118,"{""state"": ""NY"", ""status"": ""open"", ""cooked"": ""fried"", ""styles"": [""buffalo""]}","A tavern on Main Street in East Aurora, fifteen miles southeast of Buffalo and not in the city at all, whose wings are brushed with sauce by hand rather than tossed. An order comes as five drums and five flats around a bowl of blue cheese made on the premises. Beef on weck comes off the same kitchen, carved to order.",,the-toss|all-flats|beef-on-weck|blue-cheese-dressing|buffalo|the-flat-and-the-drum|mammosers-tavern,s:web-visitbuffalo-barbill-crawl|s:web-visitbuffalo-barbill-spotlight|s:web-buffalo-wing-trail|s:web-eanycc-barbill|s:osm,cited,medium,True,2026-09-16,https://nanobotco.github.io/buffalo-wings/place/bar-bill-tavern/
big-bob-gibson-bar-b-q,place,Big Bob Gibson Bar-B-Q,Big Bob Gibson's Bar-B-Q|Big Bob Gibson,the-south,AL,Decatur,34.5794626,-86.9785639,"{""state"": ""AL"", ""status"": ""open"", ""founded"": 1925, ""cooked"": ""smoked"", ""styles"": [""alabama-white"", ""smoked-bbq-wing""]}","The Decatur, Alabama pit where white barbecue sauce was invented: mayonnaise, vinegar and black pepper, made for smoked chicken. Bob Gibson started it in 1925; four generations of his family have run it since, and its competition team won first place for smoked wings at Memphis in May in 2021.",,alabama-white|alabama-white-sauce|bob-gibson|smoked-bbq-wing|central-bbq|southern-foodways-alliance|ranch-vs-blue-cheese,s:web-encyclopedia-alabama-big-bob|s:web-sfa-big-bob-gibson|s:web-big-bob-gibson-history|s:web-big-bob-gibson-locations,cited,medium,True,2026-09-16,https://nanobotco.github.io/buffalo-wings/place/big-bob-gibson-bar-b-q/
blondies-sports-bar,place,Blondies Sports,Blondies Sports Bar|Blondie's,nyc,NY,New York,40.7832747,-73.9791292,"{""state"": ""NY"", ""status"": ""open"", ""cooked"": ""fried"", ""styles"": [""buffalo""]}","A sports bar on West 79th Street between Amsterdam and Broadway, on Manhattan's Upper West Side, with televisions in every sightline and a wing order most of the room is there for. NYC Tourism calls it ""a female-owned fixture on the Upper West Side for more than 35 years."" It runs late — later than almost any wing room in this set.",,wing-night|buffalo|super-bowl-sunday|the-pitcher|atomic-wings|hooters,s:web-nyctourism-blondies|s:web-timeout-blondies|s:web-happyhour-blondies|s:osm,cited,medium,True,2026-09-16,https://nanobotco.github.io/buffalo-wings/place/blondies-sports-bar/
boltons-spicy-chicken-and-fish,place,Bolton's Spicy Chicken & Fish,Bolton's Famous Hot Chicken & Fish|Bolton's,nashville,TN,Nashville,36.1739636,-86.7613291,"{""state"": ""TN"", ""status"": ""open"", ""founded"": 1997, ""cooked"": ""fried"", ""styles"": [""nashville-hot""]}","A small East Nashville counter at 624 Main Street selling spicy fried chicken and spicy fried fish, opened in 1997 by Bolton Matthews and Dolly Ingram. The recipe came down from Matthews's uncle Bolton Polk. Its heat is the reference point other Nashville houses get measured by.",,nashville-hot|princes-hot-chicken-shack|hattie-bs|nashville-hot-oil|white-bread-and-pickles|southern-foodways-alliance|wing-cut,s:web-sfa-boltons|s:web-infatuation-boltons|s:wp-hot-chicken|s:web-bygone-nashville-boltons,cited,medium,True,2026-09-16,https://nanobotco.github.io/buffalo-wings/place/boltons-spicy-chicken-and-fish/
bonchon,place,Bonchon,Bonchon Chicken|본촌치킨|Bonchon International Inc.,korean-american|texas|us,TX,Dallas,32.7762719,-96.7968559,"{""state"": ""TX"", ""status"": ""open"", ""founded"": 2002, ""cooked"": ""double-fried"", ""styles"": [""korean-american""]}","A Korean fried chicken chain that fries each piece twice and paints the sauce on with a brush. Jinduk Seo opened the first Bonchon in Busan, South Korea in 2002; the company now runs about 500 restaurants in more than ten countries and territories, keeps its global headquarters in Dallas, and manufactures every sauce in South Korea. Two sauces carry the brand: soy garlic and spicy. The chain closed its own South Korean restaurants at the end of 2016 and has exported ever since.",,korean-american|double-fry|soy-garlic-sauce|yangnyeom-sauce|the-toss|pickled-radish|wingstop|extra-crispy,s:wp-bonchon-chicken|s:web-bonchon-our-story|s:web-bonchon-site|s:wp-korean-fried-chicken,cited,high,False,2026-09-16,https://nanobotco.github.io/buffalo-wings/place/bonchon/
buffalo-wild-wings,place,Buffalo Wild Wings,Buffalo Wild Wings & Weck|BW3|BDubs|BWW,ohio-valley|us,GA,Atlanta,33.9353992,-84.3599421,"{""state"": ""GA"", ""status"": ""open"", ""founded"": 1982, ""cooked"": ""fried"", ""styles"": [""buffalo""]}","A sports-bar chain that put a Buffalo wing on a menu in Columbus, Ohio in 1982 and then on menus in all fifty states. Jim Disbrow and Scott Lowery opened it beside Ohio State University after failing to find Buffalo-style wings in Ohio. Wings go out in a long list of sauces and dry rubs — the chain's own sauce page counted 26 of them on 16 September 2026 — and the room is built around televised sport. Inspire Brands has owned it since 2018 and runs it from a support center in Sandy Springs, Georgia, which takes an Atlanta mailing address.",,jim-disbrow|beef-on-weck|buffalo|mango-habanero|boneless-wings|hooters|wingstop|super-bowl-sunday|the-price-of-a-wing,s:wp-buffalo-wild-wings|s:wp-buffalo-wing|s:web-bww-sauces|s:web-inspire-contact|s:web-buffalowing-hall-of-flame,cited,high,False,2026-09-16,https://nanobotco.github.io/buffalo-wings/place/buffalo-wild-wings/
capital-city-mambo-sauce,place,Capital City Mambo Sauce,"Capital City|Capital City, LLC",dc,MD,Bowie,38.9566003,-76.7054417,"{""state"": ""MD"", ""status"": ""open"", ""founded"": 2011}","A bottler, not a counter. Arsha and Charles Jones started Capital City in a home kitchen in 2011 to put D.C. mambo sauce in a jar, and the company now runs a headquarters and distribution building at Melford Town Center in Bowie, Maryland. The bottles reach Giant, Safeway, Wegmans and Target.",,mumbo-sauce|dc-mumbo|argia-b-collins|yums-carry-out|john-young|hot-sauce-labels|mumbo,s:wp-mumbo-sauce|s:web-capital-city-history|s:web-capital-city-about|s:web-sjp-capital-city-melford|s:web-blacknews-capital-city|s:web-botwc-arsha-jones|s:web-washingtonian-charles-jones,cited,medium,True,2026-09-16,https://nanobotco.github.io/buffalo-wings/place/capital-city-mambo-sauce/
central-bbq,place,Central BBQ,Central Barbecue|CBQ,memphis,TN,Memphis,35.1258836,-89.9867443,"{""state"": ""TN"", ""status"": ""open"", ""founded"": 2002, ""cooked"": ""smoked"", ""styles"": [""memphis-dry-rub"", ""smoked-bbq-wing""]}","A Memphis barbecue house started in 2002 by two competition cooks, Craig Blondis and Roger Sapp, on Central Avenue. Smoked hot wings come off the same pit as the ribs, whole, in six finishes: wet, naked, jerked, dry spice, honey gold or sweet heat. The house line is ""Smoke is Our Sauce.""",,smoked-bbq-wing|memphis-dry-rub|memphis-rub|smoke-then-fry|naked|jerk-marinade|chings-hot-wings|southern-foodways-alliance,s:web-central-bbq-about|s:web-central-bbq-midtown|s:web-sfa-central-bbq,cited,high,False,2026-09-16,https://nanobotco.github.io/buffalo-wings/place/central-bbq/
chickie-and-petes,place,Chickie's & Pete's,Chickie's and Pete's,philadelphia,PA,Philadelphia,40.0274043,-75.0599741,"{""state"": ""PA"", ""status"": ""open"", ""founded"": 1977, ""cooked"": ""fried"", ""styles"": [""buffalo"", ""smoked-bbq-wing""]}","A Philadelphia sports bar and crab house that began as a Mayfair taproom in 1977 and now runs stadium, casino and airport rooms. Crabfries are what it is known for; Chickie's Wings come classic in six or ten, boneless in eight or twelve, in buffalo, sweet heat, dry rub or barbecue, with celery and blue cheese or ranch.",,wing-bowl|boneless-wings|french-fries|buffalo|celery-and-carrots|ranch-vs-blue-cheese|super-bowl-sunday|the-price-of-a-wing,s:web-wp-chickies-and-petes|s:web-chickies-petes-menu|s:web-chickies-petes-locations,cited,medium,True,2026-09-16,https://nanobotco.github.io/buffalo-wings/place/chickie-and-petes/
chings-hot-wings,place,Ching's Hot Wings,Ching's Best Wings|Ching's Hotwings,memphis,TN,Memphis,35.0972295,-89.9308268,"{""state"": ""TN"", ""status"": ""open"", ""founded"": 2003, ""cooked"": ""fried"", ""styles"": [""memphis-dry-rub""]}","A Memphis wing shop on Getwell Road, trading since 2003, selling whole wings by the piece from three to four hundred. Flavours run dry — Seasoned, Lemon Pepper, Dry Hot — and wet, through honey gold, hot, extra hot and one called Suicide. The house combination is the Kam Special: three dry seasonings with a honey hot drizzle over the top.",,memphis-dry-rub|wet-and-dry|wing-cut|party-wing|lemon-pepper-seasoning|garlic-parmesan-sauce|central-bbq|the-price-of-a-wing,s:web-chings-home|s:web-chings-menu,cited,high,False,2026-09-16,https://nanobotco.github.io/buffalo-wings/place/chings-hot-wings/
country-sweet-chicken-and-ribs,place,Country Sweet Chicken & Ribs,Country Sweet,rochester,NY,Rochester,43.1171914,-77.6219256,"{""state"": ""NY"", ""status"": ""open"", ""founded"": 1977, ""cooked"": ""fried"", ""styles"": [""rochester-breaded""]}","A Rochester counter open since 1977, hand-breading its wings and glazing them in a sauce the founder built in a home kitchen and the city now buys by the bottle. The house says the sauce is ""not quite BBQ, and it certainly wasn't Buffalo—it was something entirely new,"" which is the whole of Rochester's case against Buffalo in one line of its own marketing.",,rochester-breaded|breaded-fry|buffalo|honey-bbq-sauce|jeremiahs-tavern|garbage-plate,s:web-countrysweet|s:web-countrysweet-locations|s:wp-rochester-new-york|s:osm,cited,high,False,2026-09-16,https://nanobotco.github.io/buffalo-wings/place/country-sweet-chicken-and-ribs/
duffs-famous-wings,place,Duff's Famous Wings,Duff's|Duff's Sheridan Drive,western-ny,NY,Amherst,42.9791498,-78.7983599,"{""state"": ""NY"", ""status"": ""open"", ""founded"": 1946, ""cooked"": ""double-fried"", ""styles"": [""buffalo""]}","A wing house at Sheridan Drive and Millersport Highway in Amherst, north of Buffalo, open under that corner since 1946 and selling wings since 1969. Eight heat levels run from mild to death, and the house warns at every level that its scale runs hotter than the word suggests. Buffalo's long argument over who started the wing puts Duff's on the other side of it from the Anchor Bar.",,anchor-bar|buffalo|the-origin-fight|double-fry|buffalo-sauce|blue-cheese-dressing|wingnutz,s:web-duffs-about|s:web-visitbuffalo-duffs|s:web-buffalo-wing-trail|s:wp-duff-s-famous-wings|s:wp-buffalo-wing|s:osm,cited,high,False,2026-09-16,https://nanobotco.github.io/buffalo-wings/place/duffs-famous-wings/
elmos-bar-and-restaurant,place,Elmo's Bar & Restaurant,Elmo's|Elmo's Restaurant & Bar,western-ny,NY,Getzville,43.0141142,-78.768637,"{""state"": ""NY"", ""status"": ""open"", ""cooked"": ""mixed"", ""styles"": [""buffalo""]}","A pitcher-and-television sports bar on Millersport Highway in Getzville, near the University at Buffalo's north campus, whose signature is a wing that goes through the fryer and then onto a grill. The Infatuation calls it the double dip. Orders arrive as sauce combinations — hot and barbecue, cajun and honey mustard — rather than a single heat.",,smoke-then-fry|grill|gabriels-gate|mammosers-tavern|the-pitcher|buffalo,s:web-infatuation-elmos|s:web-visitbuffalo-elmos|s:web-buffalo-wing-trail|s:web-stepout-bonappetit-wings|s:web-restaurantji-elmos|s:osm,cited,medium,True,2026-09-16,https://nanobotco.github.io/buffalo-wings/place/elmos-bar-and-restaurant/
gabriels-gate,place,Gabriel's Gate,Gabriel's Gate Restaurant,western-ny,NY,Buffalo,42.8996579,-78.8754776,"{""state"": ""NY"", ""status"": ""open"", ""founded"": 1969, ""cooked"": ""fried"", ""styles"": [""buffalo""]}","A restaurant and tavern at 145 Allen Street in Buffalo's Allentown, trading since 1969 inside an 1864 brick row house with tin ceilings and two wood-burning fireplaces. Wings go out big and crispy, sauced with Frank's RedHot, at heats the house runs ""from mild to suicide-hot."" Bon Appétit put them first in Buffalo in 2018, which is how a corner restaurant on a bar street acquired a line at the door.",,franks-redhot|buffalo|elmos-bar-and-restaurant|mammosers-tavern|anchor-bar|naked-fry,s:web-gabriels-gate|s:web-buffalo-wing-trail|s:web-stepout-bonappetit-wings|s:osm,cited,high,False,2026-09-16,https://nanobotco.github.io/buffalo-wings/place/gabriels-gate/
harolds-chicken-shack,place,Harold's Chicken Shack,Harold's Chicken|Harold's|Harold's: The Fried Chicken King,chicago,IL,Chicago,41.809569,-87.5959671,"{""state"": ""IL"", ""status"": ""open"", ""founded"": 1950, ""cooked"": ""fried"", ""styles"": [""chicago-mild-sauce""]}","A Chicago fried-chicken institution founded by Harold Pierce in 1950 and franchised to friends and family, now past a hundred storefronts. The constants across the shops are the chicken dinners and the emblem of a cook chasing a chicken with a cleaver, often crowned; everything else — technique, seasoning, menu — varies shop to shop. The counter question is mild sauce or hot.",,chicago-mild-sauce|mild-sauce|harold-pierce|uncle-remus-saucy-fried-chicken|french-fries|chicken-shack-signs|argia-b-collins|boneless-wings,s:wp-harold-s-chicken-shack|s:web-wp-harold-pierce|s:wp-mild-sauce|s:web-blockclub-harolds,cited,medium,True,2026-09-16,https://nanobotco.github.io/buffalo-wings/place/harolds-chicken-shack/
hattie-bs,place,Hattie B's Hot Chicken,Hattie B's,nashville,TN,Nashville,36.1514926,-86.7966244,"{""state"": ""TN"", ""status"": ""open"", ""founded"": 2012, ""cooked"": ""fried"", ""styles"": [""nashville-hot""]}","A Nashville hot chicken house founded by a father and son both named Nick Bishop, open in Midtown since 2012 and now in seven cities. It is the one with a printed heat ladder, from Southern (no heat) up to Shut the Cluck Up, and it is where most people outside Nashville meet the dish.",,nashville-hot|princes-hot-chicken-shack|nashville-hot-oil|white-bread-and-pickles|chicken-and-waffles|boltons-spicy-chicken-and-fish|atomic,s:wp-hattie-b-s-hot-chicken|s:wp-hot-chicken|s:web-nashville-hot-chicken-hattie-bs,cited,high,False,2026-09-16,https://nanobotco.github.io/buffalo-wings/place/hattie-bs/
hooters,place,Hooters,"Hooters, Inc.|Original Hooters|Hooters of America",florida|us,FL,Clearwater,27.9609583,-82.7212313,"{""state"": ""FL"", ""status"": ""open"", ""founded"": 1983, ""cooked"": ""fried"", ""styles"": [""buffalo""]}","A restaurant chain that sells breaded wings, beer and a uniform. Six Clearwater, Florida businessmen incorporated Hooters, Inc. on 1 April 1983 and opened the first restaurant on 4 October that year at 2800 Gulf to Bay Boulevard, in a failed nightclub they bought cheap. Waiting staff are young women in a branded tank top and orange running shorts, called Hooters Girls, and the company has defended that hiring in court for thirty years. The wings come four ways: hand-breaded, naked, grilled in Daytona Beach sauce, or boneless.",,buffalo|breaded-fry|naked|boneless-wings|buffalo-wild-wings|rochester-breaded|super-bowl-sunday|the-price-of-a-wing,s:wp-hooters|s:wp-buffalo-wing|s:web-hooters-menu-wings|s:web-tbbw-hooters-2025|s:web-eeoc-hooters-2024,cited,high,False,2026-09-16,https://nanobotco.github.io/buffalo-wings/place/hooters/
horaces-and-dickies,place,Horace & Dickie's Seafood,Horace and Dickie's|Horace & Dickies,dc,MD,Camp Springs,38.8108417,-76.8966754,"{""state"": ""MD"", ""status"": ""open"", ""founded"": 1990, ""cooked"": ""fried"", ""styles"": [""dc-mumbo""]}","A fried-fish carryout that ran thirty years at 12th and H Streets NE in Washington and now trades from Prince George's County, Maryland. Whiting on white or brown bread is the order it is known for; wings share the same fryer.",,dc-mumbo|yums-carry-out|mumbo-sauce|french-fries|wing-basket|the-price-of-a-wing,s:web-dcist-horace-dickies|s:web-wtop-dickie-shannon|s:web-nbc4-dickie-shannon|s:web-experience-pg-horace-dickies,cited,medium,True,2026-09-16,https://nanobotco.github.io/buffalo-wings/place/horaces-and-dickies/
jeremiahs-tavern,place,Jeremiah's Tavern,Jeremiah's|Jeremiah's Monroe Ave,rochester,NY,Rochester,43.1389642,-77.5801464,"{""state"": ""NY"", ""status"": ""open"", ""cooked"": ""fried"", ""styles"": [""buffalo"", ""rochester-breaded""]}","A tavern at 1104 Monroe Avenue in Rochester, the first of four rooms, frying wings that arrive ""fresh, never frozen"" in sauces the company mixes daily at its own commissary. The house claims a run of readers'-poll wins for wings longer than most of its staff have been alive. The Monroe Avenue kitchen also sells a plate, which is what Rochester calls the pile of meat and starch Nick Tahou Hots trademarked as the Garbage Plate.",,rochester-breaded|garbage-plate|buffalo|country-sweet-chicken-and-ribs|hot-honey|duffs-famous-wings,s:web-jeremiahs-about|s:web-jeremiahs-locations|s:wp-garbage-plate|s:wp-rochester-new-york|s:osm,cited,medium,True,2026-09-16,https://nanobotco.github.io/buffalo-wings/place/jeremiahs-tavern/
jr-cricketts,place,J.R. Crickets,The Original J.R. Crickets|JR Cricket's,atlanta,GA,Atlanta,33.7710457,-84.383192,"{""state"": ""GA"", ""status"": ""open"", ""founded"": 1982, ""cooked"": ""fried"", ""styles"": [""atlanta-lemon-pepper"", ""buffalo""]}","A Midtown Atlanta wing bar open since 1982, founded by Paul Juliano, who still runs it. Its lemon pepper wet — medium wing sauce with dry lemon pepper shaken over the top — is the wing a television episode made famous, under a name the kitchen did not give it. The house line is “Chicken Is Chicken, but the Wing Is the Thing!”",,atlanta-lemon-pepper|lemon-pepper-wet|american-deli|buffalo|blue-cheese-dressing|all-flats|wet-and-dry,s:wp-lemon-pepper-wings|s:web-jr-crickets|s:web-jr-crickets-locations|s:web-cbs-atlanta-lemon-pepper|s:web-ajc-lemon-pepper-2026|s:web-atlanta-eats-lemon-pepper,cited,high,False,2026-09-16,https://nanobotco.github.io/buffalo-wings/place/jr-cricketts/
la-nova-pizzeria,place,La Nova Pizzeria,La Nova|La Nova Wings,western-ny,NY,Buffalo,42.9151387,-78.8881731,"{""state"": ""NY"", ""status"": ""open"", ""founded"": 1957, ""cooked"": ""fried"", ""styles"": [""buffalo"", ""smoked-bbq-wing""]}","A pizzeria on West Ferry Street in Buffalo's west side, run by three generations of the Todaro family, whose barbecue wing is the local counter-argument to cayenne and butter. The wings went from the pizzeria's own counter into a wholesale plant that ships them frozen across the country. Buffalo argues about whether a barbecue wing counts; La Nova sells them by the billion and does not enter the argument.",,honey-bbq-sauce|buffalo-chicken-pizza|boneless-wings|anchor-bar|buffalo|the-price-of-a-wing|smoked-bbq-wing,s:web-lanova-pizzeria|s:web-lanova-wings|s:wp-joseph-todaro-jr|s:osm,cited,high,False,2026-09-16,https://nanobotco.github.io/buffalo-wings/place/la-nova-pizzeria/
mammosers-tavern,place,Mammoser's Tavern & Restaurant,Mammoser's,western-ny,NY,Hamburg,42.7153208,-78.8292234,"{""state"": ""NY"", ""status"": ""open"", ""cooked"": ""fried"", ""styles"": [""buffalo""]}","A neighbourhood tavern on South Buffalo Street in Hamburg, twelve miles south of the city, pouring eighteen microbrew drafts and frying a wing in a house sauce built on four kinds of pepper. Bon Appétit put it third in Western New York in 2018. Closed Sundays.",,buffalo|buffalo-sauce|gabriels-gate|elmos-bar-and-restaurant|bar-bill-tavern|the-pitcher,s:web-buffalo-wing-trail|s:web-visitbuffalo-mammosers|s:web-stepout-mammosers|s:web-stepout-bonappetit-wings|s:osm,cited,medium,True,2026-09-16,https://nanobotco.github.io/buffalo-wings/place/mammosers-tavern/
nine-eleven-tavern,place,Nine-Eleven Tavern,The Nine-Eleven Tavern|911 Tavern,western-ny,NY,Buffalo,42.8452004,-78.8233371,"{""state"": ""NY"", ""status"": ""open"", ""founded"": 1981, ""cooked"": ""fried"", ""styles"": [""buffalo""]}","A cash-only corner tavern in South Buffalo, established 1981, whose wings come out large and heavily sauced in a recipe its late owner kept to himself. Buffalo Rising gives the address as 9-11 Bloomfield Avenue; the mailing address is 11. Five days a week, no cards, no delivery.",,buffalo|buffalo-sauce|national-buffalo-wing-festival|the-toss|gabriels-gate|mammosers-tavern,s:web-nine-eleven-tavern|s:web-buffalorising-nine-eleven|s:web-visitbuffalo-nine-eleven|s:web-stepout-nine-eleven|s:web-buffalo-wing-trail|s:osm,cited,high,False,2026-09-16,https://nanobotco.github.io/buffalo-wings/place/nine-eleven-tavern/
peppas-jerk-chicken,place,Peppa's Jerk Chicken,Peppa's|Peppa's Jerk Chicken Restaurant,nyc|caribbean-american,NY,Brooklyn,40.6549839,-73.9598946,"{""state"": ""NY"", ""status"": ""open"", ""founded"": 2005, ""cooked"": ""grilled"", ""styles"": [""caribbean-jerk""]}","A Jamaican takeout counter on Flatbush Avenue in Brooklyn's Little Caribbean, run by Gavin Hussey, whose jerk chicken is dry-rubbed, washed with vinegar and charred black before it is hacked apart to order. It stays open to six in the morning. A house scotch-bonnet jerk sauce goes over the top on request.",,caribbean-jerk|jerk-marinade|mango-habanero|blondies-sports-bar|grill|nashville-hot,s:web-blackowned-brooklyn-peppas|s:web-hdc-peppas|s:web-timeout-peppas|s:web-peppas-online|s:wp-jerk-cooking|s:osm,cited,medium,True,2026-09-16,https://nanobotco.github.io/buffalo-wings/place/peppas-jerk-chicken/
princes-hot-chicken-shack,place,Prince's Hot Chicken Shack,Prince's Hot Chicken|Prince's Hot Chicken South|BBQ Chicken Shack,nashville,TN,Nashville,36.0438469,-86.7122145,"{""state"": ""TN"", ""status"": ""open"", ""founded"": 1945, ""cooked"": ""fried"", ""styles"": [""nashville-hot""]}","The Nashville hot chicken shack, started by James Thornton Prince and run since 1980 by his great-niece André Prince Jeffries. Chicken — breast, thigh or wing — is marinated, floured, fried to order and painted with a cayenne paste, then served on white bread under pickle slices. Everybody else's hot chicken is measured against it.",,nashville-hot|thornton-prince|andre-prince-jeffries|nashville-hot-oil|white-bread-and-pickles|hattie-bs|boltons-spicy-chicken-and-fish|southern-foodways-alliance|buffalo,s:wp-prince-s-hot-chicken-shack|s:wp-hot-chicken|s:web-sfa-princes|s:web-princes-locations,cited,high,False,2026-09-16,https://nanobotco.github.io/buffalo-wings/place/princes-hot-chicken-shack/
uncle-remus-saucy-fried-chicken,place,Uncle Remus Saucy Fried Chicken,Uncle Remus,chicago,IL,Chicago,41.8800579,-87.7654004,"{""state"": ""IL"", ""status"": ""open"", ""founded"": 1963, ""cooked"": ""fried"", ""styles"": [""chicago-mild-sauce""]}","A West Side Chicago fried-chicken counter whose sauce is in its name. Gus W. Rickette Sr. and Mary F. Rickette started it in 1963 as the G & G Chicken Shack and renamed it Uncle Remus in 1969; their daughter Charmaine Rickette Alfred runs it now. The company calls itself ""a Black-owned and women-led business with a rich history rooted in Chicago's West Side.""",,chicago-mild-sauce|mild-sauce|harolds-chicken-shack|mild-sauce-word|dc-mumbo|french-fries|chicken-shack-signs,s:web-uncle-remus-story|s:web-uncle-remus-official|s:wp-mild-sauce|s:osm|s:web-blockclub-mild-sauce,cited,medium,True,2026-09-16,https://nanobotco.github.io/buffalo-wings/place/uncle-remus-saucy-fried-chicken/
wing-cafe,place,The Wing Cafe & Tap House,The Wing Cafe and Tap House|Wing Cafe,atlanta,GA,Marietta,33.9684874,-84.491808,"{""state"": ""GA"", ""status"": ""open"", ""founded"": 1995, ""cooked"": ""fried"", ""styles"": [""buffalo"", ""garlic-parm"", ""atlanta-lemon-pepper""]}","A wing bar on Roswell Road in east Cobb County, outside Atlanta, carrying thirty-five to forty sauces and marinades and thirty to fifty beers on tap. It opened as a Wild Wing Cafe and kept trading under its own name after the chain link ended.",,garlic-parm|atlanta-lemon-pepper|buffalo|the-pitcher|wing-night|buffalo-wild-wings,s:web-cobb-courier-wing-cafe,cited,medium,True,2026-09-16,https://nanobotco.github.io/buffalo-wings/place/wing-cafe/
wingnutz,place,Wingnutz,Wingnutz Bar & Grill|WingNutz Bar and Grill|Wingnutz Buffalo,western-ny,NY,Williamsville,42.9892342,-78.7914392,"{""state"": ""NY"", ""status"": ""open"", ""founded"": 2005, ""cooked"": ""fried"", ""styles"": [""buffalo""]}","A sports bar on Millersport Highway in Williamsville, run by Ed and Alicia Wrazen, whose wings ran for thirteen years out of a Knights of Columbus hall before they had a restaurant. A podcast episode in 2021 turned a local following into an international one. The wings are large, crisp and sauced in mixes the couple make themselves.",,buffalo|duffs-famous-wings|beef-on-weck|super-bowl-sunday|the-price-of-a-wing|anchor-bar,s:web-wingnutz-about|s:web-wingnutz-press|s:web-stepout-wingnutz|s:web-buffalorising-wingnutz|s:osm,cited,high,False,2026-09-16,https://nanobotco.github.io/buffalo-wings/place/wingnutz/
wingstop,place,Wingstop,Wingstop Inc.|Wingstop Restaurants,texas|us,TX,Dallas,32.8064167,-96.7928319,"{""state"": ""TX"", ""status"": ""open"", ""founded"": 1994, ""cooked"": ""fried"", ""styles"": [""buffalo"", ""atlanta-lemon-pepper"", ""garlic-parm""]}","A fast-food chain built on one part of the bird. Antonio Swad and Bernadette Fiaschetti opened the first Wingstop in Garland, Texas in 1994 and franchised it from 1997; the company is headquartered in Dallas and counted 3,255 restaurants system-wide on 27 June 2026. Orders go in at a counter or through an app, cook after the order lands, and come out sauced by hand in a bowl. The dining rooms carry a 1930s and 1940s pre-jet aviation theme.",,antonio-swad|atlanta-lemon-pepper|buffalo-sauce|the-toss|boneless-wings|super-bowl-sunday|buffalo-wild-wings|bonchon|the-price-of-a-wing,s:wp-wingstop|s:web-wingstop-q2-2026|s:web-wingstop-site|s:web-edgar-wingstop|s:web-ncc-wings-hot-topic|s:web-buffalowing-hall-of-flame,cited,high,False,2026-09-16,https://nanobotco.github.io/buffalo-wings/place/wingstop/
yums-carry-out,place,Yum's II Carry-Out,Yum's|Yum's Carry Out|Yum's II,dc,DC,Washington,38.9094398,-77.0317196,"{""state"": ""DC"", ""status"": ""open"", ""cooked"": ""fried"", ""styles"": [""dc-mumbo""]}","A Chinese carryout on 14th Street NW in Washington, open past two most nights, selling fried wings, fried rice and french fries with mumbo sauce over them. It is the first address on most D.C. carryout lists.",,dc-mumbo|mumbo-sauce|mumbo-fries|fried-rice-plate|capital-city-mambo-sauce|john-young|mumbo|horaces-and-dickies,s:wp-mumbo-sauce|s:web-complex-dc-carryout|s:web-yums-ii|s:web-capital-city-history|s:web-wapo-chen-family,cited,medium,True,2026-09-16,https://nanobotco.github.io/buffalo-wings/place/yums-carry-out/
adrian-miller,person,Adrian Miller,the Soul Food Scholar|Adrian E. Miller,us,CO,,,,"{""role"": [""writer"", ""scholar""], ""state"": ""CO""}","Food writer and historian of African American cooking, based in Denver. He describes himself as ""a two-time James Beard Award-winning culinary author, professional speaker, certified barbecue judge, and recovering attorney based in Denver, Colorado."" His books are where the fried chicken counter and the barbecue pit get written up as history rather than as colour.",,southern-foodways-alliance|harold-pierce|bob-gibson|chicago-mild-sauce|smoked-bbq-wing|andre-prince-jeffries,s:web-adrian-miller-about|s:web-wp-adrian-miller,cited,medium,True,2026-09-16,https://nanobotco.github.io/buffalo-wings/person/adrian-miller/
al-morganti,person,Al Morganti,,philadelphia,PA,,,,"{""role"": [""broadcaster"", ""organizer""], ""state"": ""PA""}","Philadelphia hockey writer and broadcaster, born 28 May 1953, and the man Wing Bowl is credited to. He covered the Flyers for the Philadelphia Inquirer from 1979 to 1989, analysed the NHL for ESPN from 1993 to 2005, and sat on WIP's morning show from 1993 to 2023, where he judged the eating stunts that got competitors into the contest.",,wing-bowl|angelo-cataldi|joey-chestnut|bill-simmons-el-wingador|super-bowl-sunday,s:web-wp-al-morganti|s:wp-wing-bowl,cited,medium,True,2026-09-16,https://nanobotco.github.io/buffalo-wings/person/al-morganti/
andre-prince-jeffries,person,André Prince Jeffries,Andre Prince Jeffries|Miss André,nashville|the-south,TN,,,,"{""role"": [""cook"", ""family"", ""founder""], ""state"": ""TN"", ""styles"": [""nashville-hot""]}","Took over her great-uncle Thornton Prince's café in 1980, dropped the BBQ out of its name, and has run Prince's Hot Chicken Shack since. Her account of the dish is the account most writers work from, and she gives it without claiming to have settled it.",,princes-hot-chicken-shack|thornton-prince|nashville-hot|nashville-hot-oil|white-bread-and-pickles|southern-foodways-alliance|hattie-bs|boltons-spicy-chicken-and-fish,s:wp-prince-s-hot-chicken-shack|s:wp-hot-chicken|s:web-sfa-princes-hot-chicken|s:web-bitter-southerner-hot-chicken|s:web-princes-hot-chicken-about,cited,medium,True,2026-09-16,https://nanobotco.github.io/buffalo-wings/person/andre-prince-jeffries/
angelo-cataldi,person,Angelo Cataldi,,philadelphia,PA,,,,"{""role"": [""broadcaster"", ""organizer""], ""state"": ""PA""}","Philadelphia sports-radio morning host, born 13 March 1951, whose WIP show founded Wing Bowl in 1993 and ran it for twenty-six years. A newspaperman first: Providence Journal from 1977, Philadelphia Inquirer sports from 1983, a Pulitzer finalist for covering the 1986 Eagles and Buddy Ryan.",,wing-bowl|al-morganti|bill-simmons-el-wingador|joey-chestnut|super-bowl-sunday|chickie-and-petes,s:web-wp-angelo-cataldi|s:wp-wing-bowl,cited,medium,True,2026-09-16,https://nanobotco.github.io/buffalo-wings/person/angelo-cataldi/
antonio-swad,person,Antonio Swad,,texas|us,TX,,,,"{""role"": [""founder""], ""state"": ""TX""}","Founded Wingstop in Garland, Texas in 1994 with Bernadette Fiaschetti, franchised it from 1997, and sold it in 2003 at ninety units. He had already built Pizza Patrón, started 1986, and sold that in 2017. The National Buffalo Wing Festival put him in its Hall of Flame in 2010.",,wingstop|jim-disbrow|national-buffalo-wing-festival|boneless-wings|lemon-pepper-seasoning|the-price-of-a-wing,s:wp-wingstop|s:web-nrn-swad-porch-swing|s:web-hall-of-flame,cited,medium,True,2026-09-16,https://nanobotco.github.io/buffalo-wings/person/antonio-swad/
argia-b-collins,person,Argia B. Collins,Argia B. Collins Sr.|Argia B's,chicago|dc,IL,,,,"{""role"": [""founder"", ""cook"", ""sauce-maker""], ""state"": ""IL"", ""styles"": [""chicago-mild-sauce"", ""dc-mumbo""]}","Chicago barbecue man who made and bottled Mumbo sauce, and whose trademark on the name later beat a Washington, D.C. company that had been selling a sauce called mumbo for years. Salon records him as born in 1926 in Indianola, Mississippi and dead in 2003.",,mumbo-sauce|mumbo|dc-mumbo|capital-city-mambo-sauce|chicago-mild-sauce|harold-pierce|john-young|yums-carry-out,s:wp-mumbo-sauce|s:web-salon-mambo-sauce|s:web-boundary-stones-mumbo|s:web-mandour-ttab-mumbo|s:web-mumbosauce-about|s:wp-buffalo-wing,cited,medium,True,2026-09-16,https://nanobotco.github.io/buffalo-wings/person/argia-b-collins/
bill-simmons-el-wingador,person,"Bill ""El Wingador"" Simmons",El Wingador|Bill Simmons,philadelphia,NJ,,,,"{""role"": [""competitor""], ""state"": ""NJ""}","Five-time Wing Bowl champion, born 1 November 1961, and the contest's own house name — El Wingador, 6 foot 5 and 290 pounds at his peak. He put the nickname on a line of wing sauce, went into the Wing Bowl Hall of Fame in February 2006, and went to state prison in 2013 on a cocaine charge.",,wing-bowl|angelo-cataldi|al-morganti|joey-chestnut|buffalo-sauce,s:web-wp-el-wingador|s:wp-wing-bowl,cited,medium,True,2026-09-16,https://nanobotco.github.io/buffalo-wings/person/bill-simmons-el-wingador/
bob-gibson,person,Bob Gibson,Big Bob Gibson|Robert Gibson,the-south,AL,,,,"{""role"": [""cook"", ""founder"", ""sauce-maker""], ""state"": ""AL"", ""styles"": [""alabama-white"", ""smoked-bbq-wing""]}","Decatur, Alabama barbecue man, 1888 to 1972, who dunked hickory-smoked chicken in a sauce of mayonnaise, vinegar and black pepper. That sauce is the whole of Alabama white, and the wing version comes straight off his chickens. He was six foot four and over three hundred pounds, which is where the Big came from.",,big-bob-gibson-bar-b-q|alabama-white-sauce|alabama-white|smoked-bbq-wing|smoke-then-fry|southern-foodways-alliance|adrian-miller,s:web-eoa-big-bob-gibson|s:web-sfa-big-bob-gibson,cited,high,False,2026-09-16,https://nanobotco.github.io/buffalo-wings/person/bob-gibson/
calvin-trillin,person,Calvin Trillin,Calvin Marshall Trillin|Bud Trillin,us|western-ny|nyc,,,,,"{""role"": [""writer""], ""styles"": [""buffalo""]}","American journalist and food writer, born 5 December 1935 in Kansas City, Missouri. He joined The New Yorker in 1963 and wrote its ""U.S. Journal"" series from 1967 to 1982, a piece a month from somewhere in the country. One of those pieces, in 1980, took the Buffalo wing out of western New York.",,buffalo|anchor-bar|dominic-bellissimo|the-origin-fight|john-young,s:wp-calvin-trillin|s:trillin-1980|s:wp-buffalo-wing,cited,medium,True,2026-09-16,https://nanobotco.github.io/buffalo-wings/person/calvin-trillin/
dominic-bellissimo,person,Dominic Bellissimo,Dom Bellissimo,western-ny,NY,,,,"{""role"": [""family"", ""founder""], ""state"": ""NY"", ""styles"": [""buffalo""]}","Son of Frank and Teressa Bellissimo, tending the Anchor Bar on the night the house dates its wings to, 4 March 1964. He later owned the bar and spent decades promoting it and the wing. He died in March 1991, aged 68.",,anchor-bar|teressa-bellissimo|frank-bellissimo|calvin-trillin|buffalo|the-origin-fight,s:wp-anchor-bar|s:wp-buffalo-wing|s:trillin-1980,cited,high,False,2026-09-16,https://nanobotco.github.io/buffalo-wings/person/dominic-bellissimo/
drew-cerza,person,Drew Cerza,the Wing King,western-ny,NY,,,,"{""role"": [""organizer""], ""state"": ""NY"", ""styles"": [""buffalo""]}","Founded the National Buffalo Wing Festival in 2002 and runs it. A marketing man by trade, he took the idea from a film that invented a Buffalo wing festival that did not exist, and built the one that does.",,national-buffalo-wing-festival|john-young|anchor-bar|buffalo|ranch-vs-blue-cheese|franks-redhot|joey-chestnut,s:wp-national-buffalo-wing-festival|s:web-buffalowing-wing-king|s:web-visitbuffalo-cerza-qa|s:web-hall-of-flame|s:wp-anchor-bar,cited,medium,True,2026-09-16,https://nanobotco.github.io/buffalo-wings/person/drew-cerza/
frank-bellissimo,person,Frank Bellissimo,,western-ny,NY,,,,"{""role"": [""founder"", ""family""], ""state"": ""NY"", ""styles"": [""buffalo""]}","Opened the Anchor Bar in Buffalo with his wife Teressa in 1935 and ran the front of the house. His account of the first wings turns on a delivery that went wrong. The city of Buffalo honoured him by proclamation in 1977 and named 29 July Chicken Wing Day. He died in October 1980, aged 84.",,anchor-bar|teressa-bellissimo|dominic-bellissimo|buffalo|city-of-buffalo|the-origin-fight|john-young|national-buffalo-wing-festival,s:wp-anchor-bar|s:wp-buffalo-wing|s:web-hall-of-flame|s:web-history-who-invented-buffalo-wings,cited,high,False,2026-09-16,https://nanobotco.github.io/buffalo-wings/person/frank-bellissimo/
harold-pierce,person,Harold Pierce,Harold P. Pierce|the Fried Chicken King,chicago,IL,,,,"{""role"": [""founder"", ""cook""], ""state"": ""IL"", ""styles"": [""chicago-mild-sauce""]}","Founded Harold's Chicken Shack in Chicago on 22 June 1950 and built it into the South Side's fried chicken chain, where a wing dinner comes cut over fries and drowned in mild sauce. Born 11 August 1917 in Midway, Alabama; died 8 March 1988 in Kankakee, Illinois, of prostate cancer, aged 70.",,harolds-chicken-shack|mild-sauce|chicago-mild-sauce|uncle-remus-saucy-fried-chicken|chicken-shack-signs|argia-b-collins|adrian-miller,s:web-wp-harold-pierce|s:wp-harold-s-chicken-shack|s:wp-mild-sauce,cited,high,True,2026-09-16,https://nanobotco.github.io/buffalo-wings/person/harold-pierce/
jim-disbrow,person,Jim Disbrow,James Disbrow|Jimmy Disbrow,ohio-valley|us,OH,,,,"{""role"": [""founder""], ""state"": ""OH"", ""styles"": [""buffalo""]}","Figure skater, skating official and co-founder of Buffalo Wild Wings, born 9 July 1948 and dead of brain cancer on 16 October 2002, aged 54. He started the chain in 1982 because he could not find a Buffalo-style wing in Ohio.",,buffalo-wild-wings|beef-on-weck|buffalo|weck|national-buffalo-wing-festival|antonio-swad|boneless-wings,s:web-wp-james-disbrow|s:wp-buffalo-wild-wings|s:web-hall-of-flame,cited,high,False,2026-09-16,https://nanobotco.github.io/buffalo-wings/person/jim-disbrow/
joey-chestnut,person,Joey Chestnut,Joseph Christian Chestnut|Jaws,us|philadelphia|western-ny,,,,,"{""role"": [""competitor""], ""styles"": [""buffalo""]}","American competitive eater, born 25 November 1983 in Fulton County, Kentucky and raised in Vallejo, California. Major League Eating ranks him first in the world; he holds 55 world records across 55 disciplines and has won the Nathan's hot dog belt 18 times. Several of those records are wings, which is why a wing project has him.",,wing-bowl|national-buffalo-wing-festival|hooters|al-morganti|bill-simmons-el-wingador|drew-cerza|super-bowl-sunday,s:wp-joey-chestnut|s:wp-wing-bowl|s:wp-national-buffalo-wing-festival,cited,high,True,2026-09-16,https://nanobotco.github.io/buffalo-wings/person/joey-chestnut/
john-young,person,John Young,John Mack Young|John Young's Wings 'n Things|King of Wings,western-ny,NY,,,,"{""role"": [""cook"", ""founder""], ""state"": ""NY"", ""styles"": [""buffalo"", ""dc-mumbo""]}","Sold chicken wings whole and uncut — breaded, deep-fried, and coated in a tomato-based sauce he called mumbo, or mambo — from a restaurant on Buffalo's East Side in the 1960s. He said he was selling them years before the Anchor Bar put them on a menu, and he said so for the rest of his life. Born in Stockton, Alabama in 1934, he came to Buffalo in 1948 at thirteen, and he died in 1998.",,buffalo|anchor-bar|mumbo-sauce|dc-mumbo|breaded-fry|argia-b-collins|national-buffalo-wing-festival|drew-cerza|the-origin-fight|buffalo-murals,s:wp-buffalo-wing|s:web-history-who-invented-buffalo-wings|s:web-buffalo-bike-tours-mumbo-wings|s:web-buffalo-criterion-john-young|s:web-visitbuffalo-john-young|s:web-hall-of-flame|s:web-buffalonews-john-young-obit|s:wp-mumbo-sauce,cited,high,True,2026-09-16,https://nanobotco.github.io/buffalo-wings/person/john-young/
teressa-bellissimo,person,Teressa Bellissimo,Teressa Bellisimo,western-ny,NY,,,,"{""role"": [""cook"", ""founder"", ""family""], ""state"": ""NY"", ""styles"": [""buffalo""]}","Cooked at the Anchor Bar in Buffalo, which she opened with her husband Frank in 1935 and lived above. The bar credits her with frying the first plate of Buffalo wings on 4 March 1964 and sending it out with celery and blue cheese. She died in her apartment over the bar in November 1985, aged 84.",,anchor-bar|buffalo|frank-bellissimo|dominic-bellissimo|celery-and-carrots|blue-cheese-dressing|the-origin-fight|john-young|national-buffalo-wing-festival,s:wp-anchor-bar|s:wp-buffalo-wing|s:trillin-1980|s:web-hall-of-flame,cited,high,False,2026-09-16,https://nanobotco.github.io/buffalo-wings/person/teressa-bellissimo/
thornton-prince,person,Thornton Prince,Thornton James Prince|James Thornton Prince|Thornton Prince III,nashville|the-south,TN,,,,"{""role"": [""cook"", ""founder""], ""state"": ""TN"", ""styles"": [""nashville-hot""]}","Nashville cook whose family café put cayenne paste on fried chicken and made a city's dish out of it. Born near Franklin, Tennessee in December 1892 — the day is unknown — and died 15 February 1960, aged 67, of a cerebral thrombosis, according to research by the historian Rachel Louise Martin reported by Fox News in 2023. His great-niece André Prince Jeffries took over the café in 1980 and still runs it.",,princes-hot-chicken-shack|andre-prince-jeffries|nashville-hot|nashville-hot-oil|white-bread-and-pickles|boltons-spicy-chicken-and-fish|hattie-bs,s:wp-prince-s-hot-chicken-shack|s:wp-hot-chicken|s:web-foxnews-thornton-prince|s:web-bitter-southerner-hot-chicken|s:web-princes-hot-chicken-about,cited,medium,True,2026-09-16,https://nanobotco.github.io/buffalo-wings/person/thornton-prince/
buffalo-wing-trail,org,Buffalo Wing Trail,The Official Buffalo Wing Trail,western-ny,NY,Buffalo,42.90743,-78.87261,"{""state"": ""NY"", ""status"": ""open"", ""founded"": 2018}","A list of wing joints, published by Visit Buffalo Niagara, the region's tourism bureau. It launched in April 2018 with twelve stops and carried fourteen when read on 16 September 2026, spread from Getzville and Amherst down through the city to East Aurora, Hamburg and Orchard Park. The trail's own words for what is on it: ""14 neighborhood pubs and tucked-away corner taverns."" There is no ranking, no scoring and no judging — it is an itinerary, which is exactly what makes it useful evidence.",,anchor-bar|duffs-famous-wings|bar-bill-tavern|gabriels-gate|nine-eleven-tavern|mammosers-tavern|elmos-bar-and-restaurant|buffalo|city-of-buffalo,s:web-visit-buffalo-wing-trail|s:web-spectrum-wing-trail-2018,cited,high,False,2026-09-16,https://nanobotco.github.io/buffalo-wings/org/buffalo-wing-trail/
city-of-buffalo,org,City of Buffalo,"Buffalo, New York|City Hall, Niagara Square",western-ny,NY,Buffalo,42.8867082,-78.879256,"{""state"": ""NY"", ""status"": ""open"", ""founded"": 1832}","The municipal government that put its name on the wing, and then put a day on the calendar. Buffalo was incorporated as a city in 1832, seven years after the Erie Canal chose it for a terminus. It runs on a strong mayor–council system from City Hall at Niagara Square, with nine Common Council districts. In 1977 it issued a proclamation honouring Anchor Bar co-owner Frank Bellissimo and declared 29 July Chicken Wing Day.",,national-chicken-wing-day|frank-bellissimo|anchor-bar|john-young|buffalo|buffalo-wing-trail|the-origin-fight|national-buffalo-wing-festival,s:wp-buffalo-wing|s:wp-buffalo-new-york|s:web-national-chicken-wing-day|s:web-wyrk-chicken-wing-day|s:web-visit-buffalo-wing-trail,cited,medium,True,2026-09-16,https://nanobotco.github.io/buffalo-wings/org/city-of-buffalo/
national-chicken-council,org,National Chicken Council,NCC|National Broiler Council,dc|us,DC,Washington,38.9050148,-77.0352736,"{""state"": ""DC"", ""status"": ""open"", ""founded"": 1954}","The trade association of the US chicken industry, and the keeper of the number every Super Bowl story quotes. Founded in Richmond, Virginia in 1954 as the National Broiler Council, moved to Washington in 1965, renamed in 1999. Its producer and processor members account for about 95 percent of the chickens raised in the United States. Each January it publishes the Chicken Wing Report, a projection of how many wings Americans will eat on Super Bowl weekend.",,super-bowl-sunday|wing|flapper|party-wing|the-price-of-a-wing|us-poultry-and-egg-association|wingstop|wing-bowl,s:wp-national-chicken-council|s:web-ncc-about|s:web-ncc-wing-report-lx|s:web-ncc-wing-report-lix|s:web-ncc-wings-hot-topic|s:nccouncil-wing-report,cited,high,False,2026-09-16,https://nanobotco.github.io/buffalo-wings/org/national-chicken-council/
southern-foodways-alliance,org,Southern Foodways Alliance,SFA,the-south|us,MS,Oxford,34.3663773,-89.5187664,"{""state"": ""MS"", ""status"": ""open"", ""founded"": 1999}","An archive that records what cooks say about their own work. The Southern Foodways Alliance is based at the University of Mississippi's Center for the Study of Southern Culture and, in its own words, ""documents, studies, and explores the diverse food cultures of the changing American South."" It collects oral histories, makes short documentary films, publishes and podcasts as Gravy, and holds an annual symposium. For a wing record, it is the difference between a claim about a kitchen and a transcript from one.",,princes-hot-chicken-shack|big-bob-gibson-bar-b-q|andre-prince-jeffries|nashville-hot|alabama-white|adrian-miller|the-origin-fight,s:web-sfa-about|s:web-sfa-history-founders|s:web-sfa-oral-history|s:web-sfa-princes-interview|s:web-sfa-big-bob-gibson-interview,cited,high,False,2026-09-16,https://nanobotco.github.io/buffalo-wings/org/southern-foodways-alliance/
us-poultry-and-egg-association,org,U.S. Poultry & Egg Association,USPOULTRY|Southeastern Poultry & Egg Association|SOUTHEASTERN,the-south|us,GA,Tucker,33.8275948,-84.2359607,"{""state"": ""GA"", ""status"": ""open"", ""founded"": 1947}","The trade association that funds the research and runs the equipment show behind the bird. Poultry and egg dealers met in Louisville in March 1947 and founded the Southeastern Poultry & Egg Association; it took the name U.S. Poultry & Egg Association as its membership spread coast to coast, moved to Tucker, Georgia in 1993, and calls itself an ""All Feather"" association — broilers, turkeys, ducks, eggs, breeding stock and the firms that supply them. It runs the International Production & Processing Expo in Atlanta each January.",,national-chicken-council|wing-cut|flapper|drumette|boneless-wings|the-price-of-a-wing,s:web-uspoultry-about|s:web-uspoultry-history|s:wp-poultry|s:wp-chicken-as-food,cited,high,False,2026-09-16,https://nanobotco.github.io/buffalo-wings/org/us-poultry-and-egg-association/
national-buffalo-wing-festival,event,National Buffalo Wing Festival,Wing Fest|National Buffalo Chicken Wing Festival,western-ny,NY,Buffalo,42.8804994,-78.8737899,"{""state"": ""NY"", ""status"": ""open"", ""founded"": 2002, ""when"": ""Labor Day weekend"", ""styles"": [""buffalo""]}","A two-day wing festival held on Labor Day weekend at Sahlen Field, the minor-league ballpark in downtown Buffalo. Drew Cerza founded it in 2002. Vendors sell wings by the order, contests run all weekend — the US Chicken Wing Eating Championship on the Sunday since 2003, plus amateur sauce contests, a 5K, Miss Buffalo Wing and Bobbing for Wings — and a Hall of Flame inducts the people, families and restaurants that shaped the wing.",,drew-cerza|john-young|joey-chestnut|anchor-bar|duffs-famous-wings|la-nova-pizzeria|franks-redhot|buffalo|wing-bowl,s:wp-national-buffalo-wing-festival|s:web-buffalowing-festival|s:web-buffalowing-hall-of-flame|s:wp-buffalo-wing|s:wp-joey-chestnut,cited,high,False,2026-09-16,https://nanobotco.github.io/buffalo-wings/event/national-buffalo-wing-festival/
national-chicken-wing-day,event,National Chicken Wing Day,Chicken Wing Day|July 29,western-ny|us,NY,Buffalo,42.8867082,-78.879256,"{""state"": ""NY"", ""status"": ""open"", ""founded"": 1977, ""when"": ""29 July"", ""styles"": [""buffalo""]}","A food day on 29 July, kept by bars, chains and marketing departments across the United States. It comes from one city and one piece of paper: in 1977 Buffalo issued a proclamation honouring Anchor Bar co-owner Frank Bellissimo and declared 29 July Chicken Wing Day. The word national was added later, by everyone else.",,city-of-buffalo|frank-bellissimo|anchor-bar|buffalo|john-young|national-buffalo-wing-festival|super-bowl-sunday|the-origin-fight,s:wp-buffalo-wing|s:web-national-chicken-wing-day|s:web-wyrk-chicken-wing-day,cited,medium,True,2026-09-16,https://nanobotco.github.io/buffalo-wings/event/national-chicken-wing-day/
super-bowl-sunday,event,Super Bowl Sunday,Super Sunday|the Big Game,us,,,,,"{""status"": ""open"", ""founded"": 1967, ""when"": ""the second Sunday in February, since 2022"", ""styles"": [""buffalo""]}","The biggest wing day in the United States, and the second-biggest American eating day of any kind after Thanksgiving dinner. The National Football League's championship game has been played on a Sunday since 1967 and on the second Sunday in February since 2022. The National Chicken Council projected 1.48 billion wings eaten around Super Bowl LX, in a release dated 28 January 2026 — a trade association's estimate of its own industry's product, not a government count.",,national-chicken-council|wing-bowl|wingstop|buffalo-wild-wings|boneless-wings|buffalo-chicken-dip|buffalo-chicken-pizza|the-price-of-a-wing|party-wing,s:wp-super-bowl|s:wp-buffalo-wing|s:web-ncc-wing-report-lx|s:web-ncc-wing-report-lix|s:web-ncc-wings-hot-topic,cited,high,False,2026-09-16,https://nanobotco.github.io/buffalo-wings/event/super-bowl-sunday/
wing-bowl,event,Wing Bowl,Wing Bowl Las Vegas,philadelphia,PA,Philadelphia,39.9011004,-75.1720165,"{""state"": ""PA"", ""status"": ""open"", ""founded"": 1993, ""when"": ""the Friday before the Super Bowl"", ""styles"": [""buffalo""]}","A competitive wing-eating contest run by a Philadelphia sports radio station on the Friday before the Super Bowl. Al Morganti and Angelo Cataldi of WIP started it in 1993, for a city whose football team kept not reaching the Super Bowl. Two eaters and 150 spectators in a hotel lobby the first year; crowds over 20,000 in an arena by the 2000s, at six in the morning, with a field of qualifiers, costumed entourages, and women called Wingettes escorting the eaters. WIP ended it in 2018. A Las Vegas edition ran on 7 February 2026.",,angelo-cataldi|al-morganti|bill-simmons-el-wingador|joey-chestnut|super-bowl-sunday|national-buffalo-wing-festival|buffalo,s:wp-wing-bowl|s:web-phillymag-wing-bowl-2015|s:web-inquirer-wing-bowl-doc|s:web-eatfeats-wing-bowl-lv-2026|s:wp-joey-chestnut,cited,high,False,2026-09-16,https://nanobotco.github.io/buffalo-wings/event/wing-bowl/
all-flats,term,all flats,all drums|all flats no drums|flats only,atlanta|us,,,,,"{""letter"": ""A"", ""part_of_speech"": ""phrase""}","An order that refuses half the bird. A wing splits one-for-one into a drumette and a flat, so a kitchen filling an all-flats order has to sell the drumettes to somebody else — which is why the answer is often no, and why the places that say yes charge for it.","all + flats (plural of flat); an order-modifier phrase, mirrored by all drums",flat|drumette|the-flat-and-the-drum|atlanta-lemon-pepper|wingstop|wing,s:wp-lemon-pepper-wings|s:wp-buffalo-wing|s:wp-wingstop,cited,medium,True,2026-09-16,https://nanobotco.github.io/buffalo-wings/word/all-flats/
atomic,term,atomic,atomic wings|nuclear|triple atomic,us,,,,,"{""letter"": ""A"", ""part_of_speech"": ""adjective""}","Top of a house heat ladder, and a word that only means something inside one bar's list. Wingstop's own description of its Atomic flavour is ""It's the hottest we've got. Find out for yourself"" — Spice Level 5, the end of its scale. An atomic at one counter can be milder than a hot at another, because nothing standardises the rungs.","Ancient Greek átomos 'uncuttable' → Latin atomus → English atom → atomic; the wing sense borrows the bomb's connotation from the mid-20th century, not the physics",atomic-wings|wingstop|mango-habanero|nashville-hot-oil|wing-bowl|ranch-vs-blue-cheese,s:wp-buffalo-wing|s:web-wingstop-atomic|s:web-chowhound-spice-challenges|s:web-atomic-wings-30th|s:wp-scoville-scale,cited,high,False,2026-09-16,https://nanobotco.github.io/buffalo-wings/word/atomic/
boneless,term,boneless,boneless wings|wyngz|boneless bites,us,,,,,"{""letter"": ""B"", ""part_of_speech"": ""adjective""}","Breast meat cut into pieces, floured and spiced, fried or baked, then sauced like a wing and sold under the wing's name. Wikipedia describes them as ""essentially small pieces of skinless, boneless chicken breast that are coated in flour and spices, then fried or baked, like a chicken nugget"", sometimes marketed as wyngz. Restaurants added them as raw wing prices rose and as some diners asked for a neater plate.","bone + -less, the Old English privative suffix; the menu sense attaches the adjective to 'wing' and then lets the noun drop, leaving 'boneless' standing alone",boneless-wings|wing|boneless-is-not-a-wing|buffalo-word|breaded-fry|wingstop|buffalo-wild-wings,s:wp-buffalo-wing|s:web-berkheimer-opinion|s:web-berkheimer-nbc|s:web-berkheimer-hklaw|s:web-wyngz-consumer-reports|s:web-wyngz-wiktionary|s:wp-chicken-nugget,cited,high,True,2026-09-16,https://nanobotco.github.io/buffalo-wings/word/boneless/
buffalo-word,term,Buffalo,buffalo-style|buffalo sauce (attributive),western-ny|us,,,,,"{""letter"": ""B"", ""part_of_speech"": ""adjective""}","A city's name working as an adjective. Buffalo now modifies a sauce rather than a place: vinegar-based cayenne hot sauce cut with melted butter, and anything wearing it. The word travelled further than the bird it started on — it has been applied to boneless wings made from breast, to chicken fries, nuggets and popcorn chicken, to shrimp, to cauliflower, to dip and to pizza.","Buffalo, New York (the city) → attributive adjective meaning 'dressed in cayenne hot sauce and melted butter'; the city takes its name from Buffalo Creek, whose own name is disputed",buffalo|buffalo-sauce|buffalo-chicken-dip|buffalo-chicken-pizza|boneless|calvin-trillin|anchor-bar|the-origin-fight,s:wp-buffalo-wing|s:web-buffalo-history-name|s:trillin-1980|s:wp-buffalo-new-york,cited,high,False,2026-09-16,https://nanobotco.github.io/buffalo-wings/word/buffalo-word/
drumette,term,drumette,drum|drums|wing drumette|first segment wing portion,us,,,,,"{""letter"": ""D"", ""part_of_speech"": ""noun""}","Upper of the three wing segments, and the meatiest. One bone, meat bunched at one end, skin all round: it eats like a small drumstick, which is where the name comes from. White meat, same as the breast. Two per bird.","drum (the drumstick it resembles) + -ette, the French diminutive that English borrowed for small versions of things",wing|flat|wing-tip|wing-cut|the-flat-and-the-drum|party-wing|national-chicken-council,s:wp-buffalo-wing|s:wp-chicken-as-food|s:wp-poultry|s:web-ncc-wings-hot-topic|s:web-usda-ams-wing|s:web-openfoodfacts-party-wings,cited,high,True,2026-09-16,https://nanobotco.github.io/buffalo-wings/word/drumette/
extra-crispy,term,extra crispy,well done|hard fried|crispy,us,,,,,"{""letter"": ""E"", ""part_of_speech"": ""phrase""}","An order for more time in the oil. Not a flavour, not an upcharge in most places: a request that the wing stay down until the skin goes hard and the colour goes past golden. Kitchens read it as a range, which is why the same words get you different wings at two counters a block apart.","extra (Latin extra 'outside, beyond') + crispy (Old English crisp, from Latin crispus 'curled', re-pointed in English to mean brittle) — an intensifier stuck to a texture word",double-fry|deep-fryer|naked|sauce-on-the-side|the-toss|air-fryer,s:wp-buffalo-wing|s:wp-deep-frying,tradition,medium,True,2026-09-16,https://nanobotco.github.io/buffalo-wings/word/extra-crispy/
flapper,term,flapper,pointer|flipper,us,,,,,"{""letter"": ""F"", ""part_of_speech"": ""noun""}","Cook's name for the wing tip: the pointed third segment, the one that carried the flight feathers. Skin and cartilage over two thin bones. It is the piece that gets thrown in the stock bucket, which is why most people who eat wings weekly have never heard the word.","flap (verb) + -er, the agent suffix — the part that does the flapping; pointer is built the same way off point",wing-tip|wing|flat|wing-cut,s:wp-buffalo-wing|s:wp-poultry,cited,medium,False,2026-09-16,https://nanobotco.github.io/buffalo-wings/word/flapper/
flat,term,flat,wingette|flats|wing flat|second segment wing portion|mid-section,us,,,,,"{""letter"": ""F"", ""part_of_speech"": ""noun""}","Middle segment, two bones with a gap between them, and more skin per bite than any other piece of a chicken. Flat because it is — it lies down in the fryer basket and comes out on one plane. Two per bird.","the adjective flat, turned into a noun for the piece it describes; the competing name wingette is wing + -ette, the same diminutive that built drumette",drumette|wing|all-flats|wing-tip|the-flat-and-the-drum|wing-cut|party-wing,s:wp-buffalo-wing|s:wp-chicken-as-food|s:wp-poultry|s:web-ncc-wings-hot-topic|s:web-usda-ams-wing,cited,high,True,2026-09-16,https://nanobotco.github.io/buffalo-wings/word/flat/
hot-honey-word,term,hot honey,chili honey|spicy honey,us,,,,,"{""letter"": ""H"", ""part_of_speech"": ""noun""}","Honey infused with chillies, and the two-word name that turned it into a menu category. On wings it is a finish rather than a toss: drizzled over crust after the sauce, or whisked into a sauce to sweeten and thicken it. It reaches wings by way of pizza and fried chicken, where it landed first.","hot (chile-hot, not temperature-hot) + honey; an English compound that names the two ingredients and nothing else",hot-honey|nashville-hot|honey-bbq-sauce|sweet-chili-sauce|buffalo-chicken-pizza|the-toss,s:wp-hot-honey|s:web-mikes-hot-honey,cited,high,False,2026-09-16,https://nanobotco.github.io/buffalo-wings/word/hot-honey-word/
mild-sauce-word,term,mild sauce,mild,chicago,,,,,"{""letter"": ""M"", ""part_of_speech"": ""noun""}","Chicago's word for a red-brown condiment poured over fried chicken and fries at South and West Side chicken shacks and barbecue counters, and particularly associated with Black communities in Chicago. The sauce sits near barbecue sauce and near mumbo sauce; recipes vary substantially, and many formulations combine ketchup, barbecue sauce and hot sauce.",mild + sauce; a heat word that stopped being a heat word and became the name of a specific thing,mild-sauce|chicago-mild-sauce|harolds-chicken-shack|uncle-remus-saucy-fried-chicken|mumbo,s:wp-mild-sauce|s:wp-mumbo-sauce|s:wp-harold-s-chicken-shack,cited,medium,False,2026-09-16,https://nanobotco.github.io/buffalo-wings/word/mild-sauce-word/
mumbo,term,mumbo,mambo|mumbo sauce|mambo sauce,dc|chicago,,,,,"{""letter"": ""M"", ""part_of_speech"": ""noun""}","A word for a sweet-sour-hot red condiment, sold behind plexiglass in Washington carryouts and poured on fried wings, french fries, jumbo shrimp and fried rice. Barbecue-adjacent, sweeter than barbecue sauce, and by most accounts sourer or hotter as well; the recipe varies by counter.",no agreed etymon. As a commercial name the chain runs Argia B. Collins Sr.'s Chicago barbecue sauce → the registered mark MUMBO → the D.C. carryout word; the D.C. spelling mambo may be reshaping by the dance name,mumbo-sauce|dc-mumbo|argia-b-collins|john-young|capital-city-mambo-sauce|mild-sauce-word|mumbo-fries,s:wp-mumbo-sauce|s:wp-mild-sauce|s:wp-buffalo-wing,cited,high,False,2026-09-16,https://nanobotco.github.io/buffalo-wings/word/mumbo/
naked,term,naked,naked wings|unbreaded,us,,,,,"{""letter"": ""N"", ""part_of_speech"": ""adjective""}","Unbreaded. A wing fried in nothing but its own skin, no flour, no batter, no dredge. Hooters, which breads by hand as its original style, lists the alternative as Naked Wings and describes them: ""Traditional style. No breading, but just as good. Order them with your favorite Hooters wing sauce or rub.""","Old English nacod 'bare, unclothed' → Middle English naked; the menu sense is a metaphor, breading read as clothing",naked-fry|breaded-fry|hooters|rochester-breaded|buffalo|extra-crispy,s:web-hooters-wings-menu|s:wp-buffalo-wing|s:wp-hooters,cited,high,False,2026-09-16,https://nanobotco.github.io/buffalo-wings/word/naked/
party-wing,term,party wing,party wings|wingettes and drumettes|split wings,us,,,,,"{""letter"": ""P"", ""part_of_speech"": ""noun""}","A supermarket's name for wings already broken down: tips off, joint cut, drumettes and flats loose in one bag or tray. The work a bar's prep cook does, done at the plant. The word says nothing about seasoning and nothing about size — it says only that you will not be cutting anything.","party + wing; retail compound, on the pattern of party pack and party size, where party means quantity-for-sharing rather than any occasion",drumette|flat|wing-tip|wing-cut|super-bowl-sunday|air-fryer,s:web-openfoodfacts-party-wings|s:web-ncc-superbowl-lx|s:wp-buffalo-wing,cited,medium,False,2026-09-16,https://nanobotco.github.io/buffalo-wings/word/party-wing/
weck,term,weck,kummelweck|kümmelweck|kimmelweck,western-ny,,,,,"{""letter"": ""W"", ""part_of_speech"": ""noun""}","Half of a sandwich name that lost its other half. Weck is the kummelweck roll: kosher salt and caraway seeds baked onto the top, softer and fluffier than the German Kümmelbrötchen it descends from. Buffalo-area bakeries are the only commercial source for it. Beef on weck — rare roast beef, hand-carved thin, the top of the roll dipped in jus, horseradish spread to taste — is one of the three foods Buffalo is known for, with wings and sponge candy.","German Weck 'bread roll' (the word of the southwestern dialects — Palatinate, Saarland, Baden, Swabia; northern Germans say Brötchen) ← Old High German wecki, weggi 'wedge; wedge-shaped baked good' ← Proto-West Germanic *wagi ← Proto-Germanic *wagjaz 'wedge'. The full compound is kummelweck: German Kümmel 'caraway' (← Middle High German kümel, kumel ← Old High German kumil ← Proto-West Germanic *kumil 'caraway, cumin seed') + Weck. So the name means, exactly, caraway roll — and the bread is a wedge before it is a roll.",beef-on-weck|buffalo-wild-wings|buffalo|wing|the-pitcher,s:wp-beef-on-weck|s:web-wiktionary-weck|s:web-wiktionary-kummel|s:wp-buffalo-wild-wings,cited,high,False,2026-09-16,https://nanobotco.github.io/buffalo-wings/word/weck/
wet-and-dry,term,wet and dry,lemon pepper wet|dry rub|wet,atlanta|us,,,,,"{""letter"": ""W"", ""part_of_speech"": ""phrase""}","A two-way choice about the finish, asked after you have picked a flavour. Dry means the cooked wing gets tossed in seasoning — powder on crust. Wet means it gets tossed in something liquid, so butter or sauce carries the same seasoning. Same flavour name, two different foods.","wet + dry, plain antonyms recruited as a pair of menu terms: wet = finished in a liquid sauce, dry = finished in a powder",atlanta-lemon-pepper|lemon-pepper-seasoning|lemon-pepper-wet|american-deli|jr-cricketts|memphis-dry-rub|the-toss,s:wp-lemon-pepper-wings|s:wp-buffalo-wing,cited,high,False,2026-09-16,https://nanobotco.github.io/buffalo-wings/word/wet-and-dry/
wing-night,term,wing night,Wing Wednesday|wing special|25-cent wings,us,,,,,"{""letter"": ""W"", ""part_of_speech"": ""noun""}","A weekly price special on wings, usually sold by the piece and usually paired with a drink minimum. The deal is the draw; the pitcher is the margin.","wing + night, on the pattern of ladies' night, trivia night, open-mic night — a weekday plus the thing that fills it",the-pitcher|wing-basket|the-price-of-a-wing|buffalo-wild-wings|super-bowl-sunday,s:web-buffalo-wing-guide-specials|s:web-gourmet-marketing-wing-night|s:wp-buffalo-wild-wings,cited,medium,False,2026-09-16,https://nanobotco.github.io/buffalo-wings/word/wing-night/
wing-tip,term,wing tip,tip|wingtip|third segment,us,,,,,"{""letter"": ""W"", ""part_of_speech"": ""noun""}","Third segment, the pointed end. Skin, cartilage, two slivers of bone, almost no meat. Usually cut off before the wing reaches a fryer and boiled into stock instead, though some restaurants serve it still joined to the flat.","wing + tip, a plain compound; the piece also answers to flapper and to pointer, and all three names describe the same shape from a different angle",flapper|wing|flat|wing-cut|party-wing,s:wp-buffalo-wing|s:wp-chicken-as-food|s:wp-poultry,cited,high,False,2026-09-16,https://nanobotco.github.io/buffalo-wings/word/wing-tip/
wing,term,wing,chicken wing|wings,us,,,,,"{""letter"": ""W"", ""part_of_speech"": ""noun""}","A chicken's wing, and the pieces it becomes. Off the bird it runs drumette, flat and tip; a kitchen cuts it at both joints and usually throws the tip into stock, so what a menu calls a wing is one of two pieces. Order twenty and twenty pieces arrive, roughly ten birds' worth of one wing each.","Old Norse vængr → Middle English weng, winge → English wing; the food sense is a straight transfer from the bird's limb",drumette|flat|wing-tip|wing-cut|party-wing|boneless,s:wp-buffalo-wing|s:wp-chicken-wing,cited,high,False,2026-09-16,https://nanobotco.github.io/buffalo-wings/word/wing/
buffalo-murals,art,Buffalo murals,Buffalo wall art|Buffalo public art,western-ny,NY,,,,"{""kind"": ""mural"", ""state"": ""NY""}","Buffalo paints its own story on its walls, and the wing is part of what gets painted. The city's public art runs from commissioned murals on Main Street and Hertel Avenue to neighbourhood walls raised by crowdfunding, and at least one of them exists to settle an argument: in November 2021 a mural went up at Jefferson and Carlton, on the corner where John Young's Wings 'n Things stood, recreating the artwork that had hung inside his shop. The murals are copyrighted by the people who painted them, and one Buffalo muralist has invoiced businesses for using images of his wall, which is why this page names walls and does not reproduce them.",,the-origin-fight|john-young|buffalo|city-of-buffalo|buffalo-wing-trail|free-to-use|wing-festival-posters|chicken-shack-signs,s:web-buffalorising-young-mural|s:web-spectrum-mural-copyright|s:web-visit-buffalo-wing-trail|s:wp-buffalo-wing|s:wp-buffalo-new-york,cited,medium,True,2026-09-16,https://nanobotco.github.io/buffalo-wings/art/buffalo-murals/
chicken-shack-signs,art,Chicken shack signs,fried chicken signs|wing counter signage,us|chicago|dc|the-south|nashville,,,,,"{""kind"": ""sign""}","The sign over a wing or fried-chicken counter is a working document. It has to be readable from a car at thirty miles an hour, name the shop, say CHICKEN, and usually price something. It comes in two families that overlap: brush-lettered paint, on plywood, on stucco, on the window glass itself; and the internally lit plastic box with changeable letters underneath. The cartoon bird is optional and very common. Almost none of it is signed, almost all of it is made locally, and it is replaced rather than restored, which is why the record of it is photographic.",,harolds-chicken-shack|princes-hot-chicken-shack|yums-carry-out|uncle-remus-saucy-fried-chicken|wing-cafe|neon-chicken|rooster-weathervanes|hot-sauce-labels|buffalo-murals,s:web-commons-search|s:web-commons-licensing,tradition,medium,True,2026-09-16,https://nanobotco.github.io/buffalo-wings/art/chicken-shack-signs/
hot-sauce-labels,art,Hot sauce labels,hot sauce bottle art|pepper sauce labels,us,,,,,"{""kind"": ""print""}","A hot sauce label sells one thing before it sells any other: how much it will hurt. The genre has a settled vocabulary — devils, flames, skulls, warning text set like a hazard placard, a name that is a dare, and often a number. Beneath the artwork the same panel carries what federal law requires, including an ingredient list in descending order by weight, which is why this site can read a bottle's ingredient rank off a photograph of its back. The front is a promise. The back is a fact.",,franks-redhot|crystal-hot-sauce|buffalo-sauce|mango-habanero|atomic|chicken-shack-signs|neon-chicken|free-to-use,s:wp-hot-sauce|s:wp-tabasco-sauce|s:wp-scoville-scale|s:usda-fdc|s:web-commons-search,tradition,medium,True,2026-09-16,https://nanobotco.github.io/buffalo-wings/art/hot-sauce-labels/
neon-chicken,art,Neon chicken,neon bird|neon chicken sign,us,,,,,"{""kind"": ""neon""}","A chicken drawn in bent glass tube, filled with gas, and run off a transformer over a bar, a drive-in or a wing counter. The bird is usually animated in the cheap way neon animates: two or three sets of tubes switched in sequence so a wing flaps, steam rises, or an arrow chases. Neon signs are made by hand, by a bender working a ribbon burner, which is why a town's neon looks like the shops of the two or three benders who worked there. They are expensive to build, expensive to repair, and the first thing an owner replaces when a tube goes, which is why the surviving ones are mostly in cities that decided to protect them.",,chicken-shack-signs|rooster-weathervanes|hot-sauce-labels|buffalo-murals|elmos-bar-and-restaurant|nine-eleven-tavern|jr-cricketts|wing-night,s:web-commons-search|s:web-commons-licensing,tradition,medium,True,2026-09-16,https://nanobotco.github.io/buffalo-wings/art/neon-chicken/
rooster-weathervanes,art,Rooster weathervanes,weathercock|cockerel vane,us|new-england,,,,,"{""kind"": ""mascot""}","A rooster cut or moulded in sheet metal, balanced on a spindle, and put on a roof to show which way the wind blows. It is the oldest American use of a chicken as a public sign, it predates every wing counter by centuries, and the shape it settled into — flat body, raised comb, fanned tail, one leg forward — is the same silhouette a fried chicken sign draws today. American vanes were made in copper and zinc by nineteenth-century firms working from moulds, and museums now hold them as folk sculpture; the Smithsonian American Art Museum has released photographs of several under CC0.",,chicken-shack-signs|neon-chicken|hot-sauce-labels|buffalo-murals|harolds-chicken-shack|wing,s:web-commons-search|s:web-commons-licensing,tradition,medium,True,2026-09-16,https://nanobotco.github.io/buffalo-wings/art/rooster-weathervanes/
wing-festival-posters,art,Wing festival posters,Wing Fest poster art|wing contest promotional art,western-ny|philadelphia|us,NY,,,,"{""kind"": ""poster"", ""state"": ""NY""}","A wing festival poster does four things at once: names the event, fixes the date and the gate, lists the sponsors in descending size, and supplies a mascot the event can print on a T-shirt. The National Buffalo Wing Festival, founded in Buffalo in 2002 and held on Labor Day weekend, is the genre's anchor; Philadelphia's Wing Bowl, run by a radio station from 1993 to 2018, produced the same artwork in a louder register. The art is commercial, it is dated by design, and almost none of it is free to reuse — which is why this page describes it rather than shows it.",,national-buffalo-wing-festival|drew-cerza|wing-bowl|joey-chestnut|national-chicken-wing-day|chicken-shack-signs|buffalo-murals,s:wp-national-buffalo-wing-festival|s:wp-wing-bowl|s:web-commons-search,cited,medium,True,2026-09-16,https://nanobotco.github.io/buffalo-wings/art/wing-festival-posters/
boneless-is-not-a-wing,story,Boneless is not a wing,Berkheimer v. REKM|The boneless wing case,us|ohio-valley,OH,,,,"{""kind"": ""essay"", ""state"": ""OH""}","On 25 July 2024 the Supreme Court of Ohio held, 4 to 3, that a diner who swallowed a chicken bone from a boneless wing could not take his negligence claim to a jury, because he could reasonably have guarded against it. The case is Berkheimer v. REKM, L.L.C., 2024-Ohio-2787, 177 Ohio St.3d 431, docket 2023-0293. The majority wrote that calling the item a boneless wing described a cooking style. The dissent called that reasoning jabberwocky, twice. The argument the case dropped into is older than the case and older than the menu category: a boneless wing is breast meat, battered and fried, and the federal standard that governs what may be labelled a wing does not cover a restaurant menu at all.",,boneless|boneless-wings|wing|flat|breaded-fry|dredge|buffalo-wild-wings|wingstop|the-price-of-a-wing,s:web-courtlistener-berkheimer|s:web-volokh-boneless|s:web-cbs-boneless-wings|s:web-hklaw-boneless|s:web-counter-boneless|s:web-ecfr-381-170|s:web-consumer-reports-wyngz|s:web-thompson-coburn-wings|s:wp-chicken-nugget|s:wp-buffalo-wing,cited,medium,True,2026-09-16,https://nanobotco.github.io/buffalo-wings/story/boneless-is-not-a-wing/
free-to-use,story,Free to use,Sources and licences|What this project stands on,us,,,,,"{""kind"": ""resources""}","Every map, price, coordinate and recipe on this site comes from somewhere a reader can go and check. This page names each archive, dataset, directory and licence, says what it is good for, says what it will not tell you, and names the ones this project could not get into. Licences are quoted from the publisher's own terms. Dates are the dates I read them, which for all of these is 16 September 2026.",,the-price-of-a-wing|boneless-is-not-a-wing|the-origin-fight|ranch-vs-blue-cheese|buffalo-wing-trail|national-chicken-council|southern-foodways-alliance|buffalo-murals,s:web-osm-copyright|s:osm|s:naturalearth|s:usda-fdc|s:web-ams-weekly-chicken|s:web-ams-retail-chicken|s:web-ecfr-381-170|s:web-commons-licensing|s:web-commons-search|s:wikibooks-cookbook|s:nccouncil-wing-report|s:web-ncc-superbowl-lx|s:web-visit-buffalo-wing-trail|s:web-sfa-oral-history|s:web-courtlistener-berkheimer|s:trillin-1980|s:web-consumer-reports-wyngz|s:web-spectrum-mural-copyright|s:wp-national-chicken-council,cited,high,False,2026-09-16,https://nanobotco.github.io/buffalo-wings/story/free-to-use/
ranch-vs-blue-cheese,story,Ranch against blue cheese,The dip argument,us|western-ny,,,,,"{""kind"": ""essay""}","Buffalo sends out blue cheese. America buys ranch. Blue cheese reached the wing plate on the first night of the Anchor Bar story, off the antipasto tray, and it is still the house cup along the city's wing trail. Ranch was invented by a plumbing contractor named Steve Henson in the early 1950s, sold by mail from a Santa Barbara County guest ranch from 1957, bought by Clorox in 1972, and has outsold every other salad dressing in the United States since 1992. Asked what they eat wings with, more Americans say ranch than say blue cheese, by roughly two to one in the trade association's own polling. Both numbers and both dips are set out below, with whose figures they are and when they were taken.",,blue-cheese-dressing|ranch-dressing|buffalo|celery-and-carrots|anchor-bar|buffalo-wing-trail|wingstop|national-chicken-council|buffalo-sauce|the-origin-fight,s:wp-ranch-dressing|s:wp-blue-cheese-dressing|s:wp-buffalo-wing|s:wp-anchor-bar|s:web-ncc-wing-poll-2018|s:web-wingstop-ranch-cup|s:web-visit-buffalo-wing-trail,cited,medium,True,2026-09-16,https://nanobotco.github.io/buffalo-wings/story/ranch-vs-blue-cheese/
the-flat-and-the-drum,story,The flat and the drum,Flats against drums,us,,,,,"{""kind"": ""essay""}","A chicken wing has three joints and yields two pieces a kitchen will sell: the drumette, which is the humerus with the meat pushed to one end, and the flat, which is the two-boned middle section carrying most of the skin. The tip goes to stock. One bird gives one of each per wing, in a fixed ratio nobody can change, which is the whole economics of the argument: a counter can let you order all flats, but it cannot buy a bird that grows two of them. Federal regulation names the drumette and declines to name the flat. Survey respondents prefer the drum by a wide margin and split sharply by who is answering. No public price series prices one piece against the other.",,wing|flat|drumette|wing-tip|flapper|all-flats|party-wing|wing-cut|the-price-of-a-wing|naked-fry,s:web-ecfr-381-170|s:web-civicscience-wing-debate|s:web-ams-weekly-chicken|s:web-ams-retail-chicken|s:wp-buffalo-wing|s:wp-chicken-wing,cited,high,False,2026-09-16,https://nanobotco.github.io/buffalo-wings/story/the-flat-and-the-drum/
the-origin-fight,story,The origin fight,Who invented the Buffalo wing,western-ny|us,NY,,,,"{""kind"": ""essay"", ""state"": ""NY""}","Two Buffalo kitchens claim the wing, and neither claim rests on a document. The Anchor Bar dates the dish to the night of 4 March 1964 and tells the story three different ways. John Young was selling breaded whole wings in a tomato sauce he called mumbo from 1961, registered his shop's name at the county courthouse, and said the Anchor Bar carried no wings as a regular menu item until 1974. A 1969 newspaper profile of the Anchor Bar does not mention wings. Duff's started selling them across town that same year. The city proclaimed a Chicken Wing Day in 1977, Calvin Trillin carried the story out of western New York in 1980, and the National Buffalo Wing Festival put John Young in its Hall of Flame in 2013. This page lays out who claims what and on what evidence.",,buffalo|anchor-bar|john-young|teressa-bellissimo|frank-bellissimo|dominic-bellissimo|calvin-trillin|duffs-famous-wings|mumbo-sauce|national-buffalo-wing-festival|city-of-buffalo|buffalo-murals,s:wp-buffalo-wing|s:wp-anchor-bar|s:wp-duff-s-famous-wings|s:trillin-1980|s:wp-calvin-trillin|s:wp-national-buffalo-wing-festival|s:wp-mumbo-sauce|s:web-buffalorising-young-mural|s:web-visit-buffalo-wing-trail,cited,high,False,2026-09-16,https://nanobotco.github.io/buffalo-wings/story/the-origin-fight/
the-price-of-a-wing,story,The price of a wing,What a wing costs,us,,,,,"{""kind"": ""essay""}","In 1964 the wing was the cheapest thing on the bird, which is the premise every origin story rests on. In the week of 7 to 11 September 2026 it traded wholesale at 110.02 cents a pound, twice the price of a drumstick and ten times the price of the backs and necks that the Anchor Bar story says were supposed to arrive instead. It has been dearer than that: 325 cents a pound in May 2021, when cold storage ran to its lowest level since 2012. Every figure on this page carries its date and whose figure it is, and the ones I could not get are named too.",,wing|the-flat-and-the-drum|boneless-is-not-a-wing|national-chicken-council|super-bowl-sunday|wing-night|anchor-bar|party-wing|wingstop,s:web-ams-weekly-chicken|s:web-ams-retail-chicken|s:web-ers-wing-cold-storage|s:web-ncc-superbowl-lx|s:web-counter-boneless|s:nccouncil-wing-report|s:wp-buffalo-wing,harvested,high,False,2026-09-16,https://nanobotco.github.io/buffalo-wings/story/the-price-of-a-wing/
